,Concept_name,04Q1,04Q2,04Q3,04Q4,05Q1,05Q2,05Q3,05Q4,06Q1,06Q2,06Q3,06Q4,07Q1,07Q2,07Q3,07Q4,08Q1,08Q2,08Q3,08Q4,09Q1,09Q2,09Q3,09Q4,10Q1,10Q2,10Q3,10Q4,11Q1,11Q2,11Q3,11Q4,12Q1,12Q2,12Q3,12Q4,13Q1,13Q2,13Q3,13Q4,14Q1,14Q2,14Q3,14Q4
0,oxyphenonium,57.0,57.0,57.0,57.0,57.0,57.0,57.0,57.0,57.0,57.0,57.0,57.0,57.0,57.0,57.0,57.0,57.0,57.0,57.0,57.0,57.0,57.0,57.0,57.0,57.0,57.0,57.0,57.0,57.0,57.0,57.0,57.0,57.0,57.0,57.0,57.0,57.0,57.0,57.0,57.0,57.0,57.0,57.0,57
1,gadodiamide,31.0,58.0,96.0,114.0,153.0,159.0,159.0,166.0,195.0,230.0,352.0,394.0,556.0,661.0,880.0,1112.0,1295.0,1563.0,1704.0,1880.0,2152.0,2264.0,2583.0,3020.0,4451.0,4991.0,5663.0,5951.0,6503.0,7615.0,9878.0,10318.0,10811.0,11582.0,11881.0,12235.0,12394.0,12554.0,12649.0,12823.0,13709.0,13808.0,13860.0,13946
2,butabarbital,17.0,17.0,18.0,21.0,24.0,37.0,37.0,39.0,39.0,66.0,66.0,66.0,68.0,86.0,87.0,87.0,104.0,116.0,119.0,119.0,119.0,119.0,124.0,134.0,138.0,138.0,138.0,138.0,140.0,161.0,161.0,161.0,218.0,374.0,374.0,374.0,374.0,374.0,374.0,374.0,374.0,386.0,388.0,388
3,idoxuridine,1.0,47.0,47.0,47.0,47.0,47.0,47.0,47.0,47.0,47.0,47.0,47.0,47.0,47.0,47.0,47.0,47.0,47.0,47.0,47.0,47.0,47.0,48.0,48.0,48.0,54.0,56.0,56.0,56.0,56.0,56.0,56.0,56.0,63.0,63.0,63.0,63.0,63.0,67.0,67.0,67.0,67.0,67.0,67
4,aminoglutethimide,4.0,10.0,31.0,52.0,60.0,66.0,70.0,75.0,75.0,75.0,112.0,112.0,118.0,118.0,118.0,122.0,122.0,123.0,123.0,123.0,123.0,123.0,123.0,123.0,123.0,123.0,123.0,126.0,126.0,175.0,177.0,184.0,184.0,184.0,184.0,184.0,184.0,184.0,190.0,190.0,190.0,190.0,190.0,190
5,grepafloxacin,5.0,11.0,11.0,11.0,11.0,11.0,11.0,11.0,11.0,11.0,11.0,11.0,11.0,11.0,11.0,11.0,11.0,11.0,11.0,13.0,13.0,13.0,14.0,14.0,14.0,14.0,85.0,85.0,85.0,85.0,85.0,85.0,85.0,85.0,97.0,97.0,101.0,101.0,101.0,101.0,101.0,101.0,101.0,101
6,tacrine,2.0,8.0,9.0,9.0,9.0,9.0,9.0,9.0,36.0,36.0,36.0,36.0,36.0,36.0,36.0,36.0,41.0,42.0,42.0,43.0,43.0,43.0,43.0,43.0,43.0,43.0,43.0,43.0,43.0,43.0,43.0,44.0,44.0,63.0,63.0,63.0,63.0,63.0,63.0,64.0,64.0,64.0,64.0,64
7,dexbrompheniramine,42.0,75.0,114.0,160.0,196.0,240.0,254.0,321.0,413.0,519.0,563.0,586.0,617.0,641.0,658.0,678.0,730.0,753.0,845.0,894.0,957.0,1037.0,1091.0,1147.0,1254.0,1278.0,1322.0,1366.0,1411.0,1468.0,1522.0,1766.0,1860.0,2013.0,2047.0,2067.0,2150.0,2223.0,2230.0,2260.0,2331.0,2365.0,2470.0,2552
8,framycetin,7.0,7.0,7.0,7.0,7.0,7.0,7.0,7.0,14.0,35.0,35.0,37.0,37.0,37.0,37.0,37.0,37.0,59.0,66.0,74.0,74.0,74.0,77.0,77.0,77.0,77.0,77.0,86.0,86.0,86.0,86.0,86.0,86.0,94.0,94.0,95.0,95.0,111.0,111.0,111.0,111.0,112.0,112.0,112
9,pefloxacin,2.0,2.0,5.0,5.0,18.0,19.0,19.0,22.0,22.0,22.0,22.0,22.0,22.0,30.0,33.0,33.0,45.0,70.0,70.0,70.0,76.0,76.0,76.0,76.0,76.0,78.0,78.0,80.0,80.0,97.0,97.0,97.0,97.0,97.0,97.0,97.0,97.0,97.0,97.0,99.0,100.0,100.0,100.0,100
10,altretamine,3.0,16.0,16.0,16.0,16.0,16.0,16.0,16.0,22.0,22.0,22.0,22.0,22.0,35.0,35.0,35.0,35.0,35.0,35.0,35.0,35.0,39.0,39.0,39.0,39.0,39.0,39.0,39.0,39.0,39.0,53.0,53.0,53.0,53.0,53.0,58.0,61.0,61.0,61.0,127.0,127.0,138.0,138.0,138
11,levallorphan,2.0,2.0,12.0,12.0,12.0,12.0,12.0,12.0,12.0,12.0,12.0,12.0,12.0,12.0,12.0,12.0,12.0,12.0,12.0,12.0,12.0,12.0,12.0,12.0,12.0,12.0,12.0,12.0,12.0,12.0,12.0,12.0,12.0,12.0,12.0,12.0,12.0,12.0,12.0,12.0,12.0,12.0,12.0,12
12,triflupromazine,12.0,12.0,12.0,12.0,12.0,12.0,30.0,30.0,30.0,37.0,37.0,37.0,37.0,37.0,37.0,37.0,37.0,37.0,37.0,37.0,37.0,37.0,37.0,37.0,37.0,37.0,37.0,39.0,39.0,39.0,39.0,39.0,39.0,39.0,39.0,39.0,39.0,39.0,39.0,39.0,39.0,39.0,39.0,39
13,gadoversetamide,6.0,6.0,6.0,10.0,10.0,10.0,10.0,58.0,72.0,80.0,94.0,109.0,130.0,148.0,186.0,251.0,261.0,281.0,322.0,347.0,475.0,505.0,851.0,1208.0,2598.0,3118.0,3690.0,3888.0,4368.0,5300.0,6988.0,7413.0,7818.0,8554.0,8710.0,8913.0,9025.0,9181.0,9254.0,9283.0,9462.0,9546.0,9547.0,9547
14,benzthiazide,3.0,3.0,3.0,4.0,4.0,4.0,4.0,4.0,4.0,4.0,4.0,4.0,4.0,4.0,4.0,4.0,4.0,4.0,4.0,4.0,4.0,4.0,4.0,4.0,4.0,4.0,4.0,4.0,4.0,4.0,4.0,4.0,4.0,4.0,4.0,16.0,16.0,16.0,20.0,20.0,20.0,25.0,25.0,25
15,trovafloxacin,1.0,90.0,106.0,127.0,127.0,128.0,128.0,128.0,132.0,134.0,140.0,141.0,148.0,150.0,150.0,150.0,150.0,150.0,150.0,169.0,169.0,169.0,216.0,216.0,216.0,216.0,216.0,216.0,264.0,264.0,266.0,266.0,266.0,342.0,342.0,361.0,392.0,393.0,393.0,394.0,396.0,396.0,396.0,399
16,azatadine,30.0,30.0,30.0,32.0,32.0,32.0,32.0,32.0,32.0,32.0,33.0,33.0,33.0,33.0,33.0,33.0,33.0,33.0,33.0,33.0,33.0,33.0,33.0,33.0,37.0,37.0,40.0,40.0,41.0,41.0,41.0,45.0,45.0,45.0,45.0,45.0,45.0,45.0,45.0,49.0,49.0,49.0,52.0,52
17,dienestrol,4.0,4.0,6.0,6.0,6.0,6.0,6.0,7.0,7.0,7.0,8.0,8.0,8.0,8.0,8.0,8.0,8.0,8.0,8.0,8.0,8.0,8.0,8.0,8.0,8.0,10.0,10.0,10.0,10.0,10.0,10.0,10.0,10.0,10.0,10.0,10.0,10.0,10.0,10.0,10.0,10.0,10.0,10.0,10
18,testolactone,1.0,6.0,6.0,6.0,6.0,6.0,9.0,9.0,9.0,9.0,9.0,9.0,9.0,9.0,9.0,9.0,9.0,9.0,9.0,9.0,9.0,9.0,9.0,9.0,9.0,9.0,9.0,9.0,9.0,9.0,9.0,9.0,9.0,9.0,9.0,9.0,10.0,10.0,10.0,10.0,10.0,10.0,10.0,10
19,spectinomycin,5.0,5.0,5.0,5.0,5.0,5.0,5.0,5.0,5.0,5.0,5.0,5.0,5.0,5.0,5.0,5.0,5.0,5.0,5.0,5.0,5.0,5.0,5.0,5.0,5.0,5.0,5.0,5.0,5.0,5.0,5.0,6.0,6.0,6.0,6.0,6.0,6.0,6.0,6.0,6.0,6.0,6.0,6.0,18
20,dirithromycin,20.0,20.0,21.0,21.0,21.0,63.0,69.0,91.0,91.0,108.0,108.0,122.0,122.0,122.0,122.0,122.0,122.0,122.0,122.0,122.0,122.0,131.0,145.0,166.0,166.0,166.0,166.0,166.0,166.0,166.0,203.0,203.0,278.0,278.0,280.0,280.0,281.0,282.0,282.0,289.0,289.0,289.0,289.0,289
21,edrophonium,5.0,13.0,13.0,13.0,13.0,13.0,25.0,25.0,25.0,25.0,25.0,25.0,25.0,25.0,25.0,25.0,25.0,25.0,27.0,27.0,27.0,27.0,27.0,31.0,31.0,31.0,31.0,31.0,33.0,33.0,33.0,37.0,37.0,37.0,37.0,37.0,37.0,37.0,37.0,37.0,42.0,42.0,42.0,43
22,trilostane,5.0,5.0,9.0,9.0,9.0,14.0,14.0,17.0,17.0,17.0,17.0,17.0,17.0,17.0,17.0,17.0,17.0,17.0,17.0,17.0,17.0,17.0,17.0,17.0,17.0,17.0,17.0,17.0,17.0,17.0,17.0,17.0,17.0,17.0,17.0,17.0,17.0,17.0,17.0,17.0,17.0,17.0,17.0,17
23,sparfloxacin,12.0,26.0,81.0,81.0,84.0,84.0,102.0,105.0,105.0,105.0,105.0,113.0,113.0,113.0,122.0,122.0,123.0,123.0,146.0,146.0,146.0,148.0,159.0,159.0,159.0,161.0,161.0,161.0,161.0,163.0,163.0,175.0,175.0,175.0,177.0,180.0,180.0,180.0,180.0,180.0,180.0,180.0,181.0,181
24,fomepizole,4.0,4.0,4.0,4.0,4.0,4.0,4.0,9.0,9.0,9.0,9.0,9.0,12.0,12.0,17.0,18.0,18.0,18.0,20.0,20.0,20.0,27.0,27.0,31.0,31.0,49.0,52.0,52.0,52.0,54.0,54.0,54.0,54.0,54.0,54.0,54.0,54.0,56.0,69.0,70.0,70.0,70.0,81.0,86
25,encainide,8.0,9.0,13.0,14.0,26.0,27.0,27.0,27.0,36.0,36.0,37.0,37.0,45.0,45.0,45.0,45.0,45.0,45.0,45.0,45.0,45.0,45.0,45.0,45.0,45.0,45.0,45.0,45.0,45.0,45.0,45.0,45.0,48.0,48.0,48.0,48.0,48.0,48.0,48.0,48.0,48.0,48.0,48.0,48
26,chloroxine,1.0,1.0,1.0,1.0,1.0,18.0,18.0,43.0,43.0,43.0,58.0,58.0,58.0,66.0,67.0,69.0,99.0,99.0,99.0,99.0,99.0,99.0,99.0,100.0,104.0,109.0,109.0,139.0,139.0,139.0,139.0,139.0,142.0,142.0,142.0,142.0,142.0,144.0,144.0,144.0,144.0,144.0,144.0,144
27,mibefradil,35.0,35.0,40.0,59.0,131.0,131.0,131.0,131.0,131.0,131.0,131.0,131.0,131.0,131.0,131.0,131.0,131.0,131.0,131.0,131.0,131.0,133.0,133.0,133.0,133.0,133.0,133.0,133.0,133.0,133.0,133.0,133.0,133.0,133.0,133.0,133.0,133.0,134.0,134.0,135.0,135.0,135.0,135.0,135
28,methadyl acetate,12.0,12.0,14.0,14.0,14.0,14.0,15.0,15.0,15.0,15.0,15.0,15.0,15.0,15.0,15.0,15.0,15.0,15.0,15.0,15.0,15.0,15.0,15.0,15.0,15.0,15.0,15.0,15.0,15.0,15.0,15.0,15.0,15.0,15.0,15.0,15.0,15.0,15.0,15.0,15.0,15.0,15.0,15.0,15
29,dichloralphenazone,63.0,113.0,323.0,410.0,535.0,662.0,846.0,1115.0,1233.0,1525.0,1612.0,1715.0,1775.0,1839.0,1929.0,2009.0,2040.0,2175.0,2258.0,2353.0,2515.0,2632.0,2742.0,2856.0,2910.0,3048.0,3239.0,3325.0,3555.0,3823.0,4029.0,4504.0,4850.0,5136.0,5314.0,5604.0,5704.0,5908.0,6173.0,6349.0,6677.0,6771.0,6891.0,7006
30,difenoxin,9.0,15.0,15.0,17.0,19.0,28.0,28.0,28.0,30.0,30.0,30.0,45.0,45.0,45.0,48.0,48.0,48.0,48.0,48.0,48.0,48.0,48.0,48.0,48.0,48.0,48.0,48.0,48.0,48.0,48.0,48.0,54.0,54.0,54.0,54.0,54.0,54.0,55.0,55.0,55.0,55.0,55.0,55.0,55
31,aceprometazine,12.0,12.0,12.0,21.0,27.0,27.0,27.0,29.0,30.0,31.0,31.0,31.0,38.0,42.0,42.0,47.0,47.0,47.0,47.0,47.0,47.0,47.0,53.0,53.0,57.0,57.0,57.0,99.0,99.0,99.0,99.0,99.0,99.0,99.0,99.0,100.0,100.0,100.0,100.0,100.0,100.0,100.0,120.0,120
32,dalfopristin,12.0,14.0,26.0,38.0,44.0,87.0,116.0,117.0,132.0,148.0,150.0,158.0,158.0,167.0,167.0,173.0,175.0,175.0,175.0,180.0,183.0,199.0,218.0,218.0,220.0,220.0,228.0,242.0,242.0,250.0,258.0,306.0,306.0,306.0,306.0,317.0,317.0,317.0,363.0,381.0,384.0,392.0,392.0,392
33,eucalyptol,3.0,3.0,9.0,9.0,16.0,16.0,16.0,16.0,33.0,39.0,39.0,39.0,39.0,41.0,41.0,48.0,48.0,48.0,56.0,58.0,69.0,75.0,106.0,126.0,142.0,148.0,177.0,188.0,202.0,202.0,202.0,202.0,202.0,202.0,202.0,232.0,235.0,237.0,238.0,240.0,240.0,240.0,262.0,272
34,ethanolamine,44.0,44.0,44.0,57.0,66.0,77.0,78.0,78.0,78.0,78.0,112.0,112.0,112.0,112.0,123.0,123.0,123.0,126.0,126.0,134.0,134.0,134.0,134.0,134.0,134.0,134.0,134.0,134.0,134.0,145.0,145.0,145.0,145.0,145.0,145.0,145.0,145.0,145.0,145.0,145.0,145.0,153.0,153.0,153
35,zomepirac,2.0,2.0,2.0,6.0,12.0,12.0,52.0,73.0,76.0,78.0,78.0,78.0,78.0,78.0,78.0,78.0,78.0,86.0,86.0,89.0,95.0,95.0,96.0,97.0,97.0,97.0,98.0,98.0,98.0,98.0,98.0,99.0,101.0,114.0,114.0,114.0,114.0,114.0,114.0,115.0,135.0,137.0,137.0,139
36,enoximone,28.0,28.0,31.0,31.0,31.0,39.0,39.0,39.0,39.0,39.0,44.0,44.0,46.0,46.0,46.0,46.0,46.0,46.0,46.0,46.0,46.0,52.0,52.0,55.0,55.0,55.0,55.0,55.0,55.0,55.0,55.0,55.0,57.0,57.0,57.0,57.0,57.0,57.0,57.0,57.0,57.0,57.0,57.0,57
37,artemether,5.0,5.0,5.0,5.0,5.0,5.0,5.0,5.0,5.0,5.0,5.0,5.0,5.0,9.0,9.0,9.0,9.0,9.0,9.0,9.0,9.0,9.0,9.0,9.0,19.0,19.0,19.0,19.0,43.0,62.0,62.0,79.0,94.0,98.0,98.0,109.0,109.0,109.0,119.0,119.0,119.0,119.0,122.0,125
38,ammonium chloride,9.0,9.0,9.0,9.0,9.0,9.0,9.0,15.0,15.0,15.0,22.0,22.0,22.0,22.0,22.0,22.0,26.0,26.0,26.0,28.0,34.0,45.0,50.0,76.0,76.0,81.0,85.0,87.0,90.0,97.0,99.0,101.0,101.0,115.0,115.0,115.0,136.0,136.0,139.0,143.0,144.0,144.0,144.0,144
39,lodoxamide,1.0,1.0,1.0,1.0,1.0,1.0,15.0,15.0,15.0,61.0,61.0,61.0,61.0,64.0,64.0,67.0,67.0,67.0,67.0,67.0,67.0,67.0,67.0,67.0,67.0,67.0,67.0,67.0,68.0,68.0,76.0,88.0,88.0,88.0,88.0,88.0,88.0,93.0,99.0,105.0,106.0,113.0,123.0,127
40,bopindolol,4.0,8.0,12.0,12.0,22.0,22.0,22.0,33.0,33.0,33.0,33.0,46.0,46.0,52.0,52.0,52.0,52.0,52.0,52.0,52.0,52.0,52.0,52.0,52.0,52.0,52.0,52.0,52.0,52.0,52.0,52.0,52.0,54.0,54.0,54.0,54.0,54.0,54.0,54.0,54.0,54.0,54.0,54.0,54
41,gemeprost,1.0,1.0,4.0,4.0,4.0,4.0,4.0,4.0,4.0,4.0,4.0,4.0,8.0,8.0,8.0,8.0,8.0,12.0,12.0,12.0,12.0,12.0,12.0,12.0,12.0,12.0,12.0,12.0,12.0,22.0,24.0,24.0,24.0,24.0,24.0,28.0,28.0,28.0,28.0,41.0,41.0,41.0,41.0,41
42,fusafungin,3.0,12.0,12.0,17.0,28.0,28.0,39.0,39.0,39.0,39.0,44.0,44.0,44.0,44.0,44.0,44.0,48.0,60.0,60.0,60.0,60.0,60.0,60.0,60.0,69.0,69.0,71.0,71.0,71.0,71.0,81.0,95.0,95.0,106.0,106.0,106.0,106.0,107.0,112.0,112.0,113.0,113.0,113.0,113
43,fominoben,17.0,38.0,39.0,59.0,59.0,69.0,69.0,89.0,89.0,89.0,89.0,89.0,89.0,89.0,89.0,89.0,89.0,89.0,107.0,115.0,115.0,115.0,115.0,115.0,115.0,115.0,115.0,115.0,115.0,115.0,115.0,115.0,115.0,115.0,115.0,115.0,115.0,115.0,115.0,115.0,115.0,115.0,115.0,115
44,medrogestone,2.0,7.0,7.0,7.0,15.0,15.0,15.0,15.0,15.0,15.0,15.0,15.0,15.0,17.0,17.0,17.0,17.0,17.0,17.0,17.0,17.0,17.0,17.0,18.0,18.0,18.0,18.0,18.0,18.0,18.0,18.0,18.0,18.0,18.0,18.0,18.0,20.0,25.0,31.0,35.0,35.0,36.0,36.0,36
45,viloxazine,14.0,17.0,38.0,38.0,39.0,44.0,44.0,51.0,80.0,116.0,116.0,116.0,116.0,116.0,116.0,116.0,120.0,120.0,120.0,120.0,120.0,120.0,120.0,125.0,125.0,127.0,127.0,127.0,127.0,127.0,127.0,127.0,127.0,127.0,127.0,127.0,127.0,127.0,127.0,157.0,157.0,157.0,157.0,157
46,synephrine,1.0,3.0,3.0,3.0,7.0,7.0,7.0,7.0,7.0,7.0,7.0,7.0,7.0,20.0,21.0,21.0,21.0,21.0,21.0,21.0,21.0,21.0,21.0,21.0,21.0,21.0,21.0,21.0,21.0,24.0,24.0,24.0,24.0,24.0,24.0,25.0,28.0,28.0,28.0,28.0,28.0,40.0,40.0,40
47,moxisylyte,1.0,1.0,1.0,1.0,1.0,1.0,1.0,1.0,1.0,1.0,1.0,1.0,4.0,4.0,4.0,4.0,4.0,4.0,4.0,4.0,4.0,4.0,4.0,4.0,4.0,4.0,4.0,4.0,4.0,4.0,4.0,4.0,4.0,8.0,8.0,8.0,13.0,13.0,13.0,13.0,13.0,13.0,13.0,13
48,propyliodone,2.0,2.0,2.0,2.0,2.0,2.0,2.0,2.0,2.0,2.0,2.0,2.0,2.0,2.0,2.0,2.0,2.0,2.0,2.0,2.0,2.0,2.0,2.0,2.0,2.0,2.0,2.0,2.0,2.0,2.0,2.0,2.0,2.0,2.0,2.0,2.0,2.0,2.0,2.0,2.0,2.0,2.0,2.0,2
49,tannic acid,6.0,6.0,6.0,13.0,13.0,13.0,13.0,13.0,13.0,13.0,13.0,13.0,13.0,13.0,17.0,17.0,17.0,17.0,17.0,17.0,17.0,17.0,17.0,17.0,17.0,24.0,24.0,112.0,113.0,113.0,125.0,139.0,139.0,139.0,139.0,239.0,239.0,239.0,239.0,239.0,239.0,240.0,241.0,241
50,indium in-111 oxyquinoline,13.0,13.0,13.0,13.0,13.0,13.0,13.0,13.0,13.0,13.0,13.0,13.0,13.0,13.0,13.0,13.0,13.0,13.0,13.0,13.0,15.0,15.0,15.0,15.0,15.0,15.0,15.0,16.0,16.0,16.0,16.0,16.0,16.0,16.0,16.0,16.0,16.0,16.0,16.0,16.0,16.0,16.0,16.0,16
51,phenyl salicylate,3.0,10.0,74.0,82.0,118.0,122.0,122.0,126.0,150.0,205.0,205.0,209.0,209.0,213.0,215.0,223.0,245.0,248.0,270.0,289.0,295.0,304.0,319.0,333.0,343.0,356.0,359.0,360.0,417.0,427.0,444.0,542.0,552.0,552.0,553.0,553.0,562.0,594.0,597.0,612.0,666.0,685.0,693.0,693
52,phenyltoloxamine,4.0,4.0,50.0,50.0,50.0,71.0,123.0,129.0,129.0,143.0,148.0,148.0,155.0,155.0,165.0,165.0,165.0,166.0,175.0,179.0,179.0,190.0,196.0,196.0,196.0,196.0,203.0,207.0,207.0,207.0,207.0,208.0,209.0,209.0,211.0,212.0,233.0,233.0,233.0,233.0,237.0,238.0,238.0,248
53,carbetapentane,5.0,5.0,5.0,5.0,5.0,5.0,5.0,5.0,5.0,5.0,5.0,5.0,5.0,5.0,7.0,7.0,7.0,7.0,7.0,7.0,7.0,7.0,7.0,56.0,83.0,83.0,146.0,146.0,146.0,146.0,146.0,155.0,155.0,155.0,155.0,190.0,190.0,190.0,190.0,190.0,190.0,190.0,190.0,195
54,bismuth subcarbonate,2.0,19.0,19.0,19.0,19.0,19.0,19.0,19.0,19.0,19.0,19.0,19.0,19.0,19.0,19.0,19.0,19.0,19.0,19.0,19.0,19.0,19.0,19.0,19.0,19.0,19.0,19.0,19.0,19.0,19.0,19.0,19.0,19.0,23.0,23.0,23.0,23.0,23.0,23.0,23.0,23.0,23.0,23.0,23
55,aluminum oxide,8.0,8.0,8.0,8.0,8.0,8.0,8.0,8.0,8.0,8.0,8.0,8.0,8.0,8.0,8.0,8.0,8.0,8.0,8.0,8.0,8.0,8.0,8.0,8.0,8.0,8.0,8.0,8.0,8.0,8.0,8.0,8.0,8.0,8.0,8.0,8.0,8.0,8.0,8.0,8.0,8.0,8.0,8.0,8
56,talinolol,10.0,16.0,16.0,18.0,18.0,21.0,21.0,21.0,25.0,25.0,33.0,33.0,33.0,36.0,46.0,46.0,46.0,46.0,46.0,46.0,46.0,56.0,57.0,60.0,63.0,83.0,83.0,83.0,98.0,112.0,112.0,112.0,131.0,132.0,141.0,143.0,143.0,144.0,162.0,162.0,162.0,162.0,179.0,179
57,moxaverine,2.0,2.0,2.0,2.0,2.0,2.0,2.0,2.0,2.0,2.0,2.0,2.0,2.0,2.0,2.0,2.0,2.0,2.0,2.0,2.0,2.0,2.0,2.0,2.0,2.0,2.0,2.0,2.0,2.0,2.0,2.0,2.0,2.0,2.0,2.0,2.0,2.0,2.0,2.0,2.0,2.0,2.0,4.0,4
58,troleandomycin,2.0,2.0,3.0,9.0,19.0,19.0,19.0,19.0,19.0,19.0,19.0,19.0,19.0,19.0,19.0,19.0,19.0,19.0,19.0,19.0,19.0,19.0,19.0,19.0,19.0,19.0,19.0,19.0,19.0,20.0,20.0,20.0,20.0,20.0,21.0,21.0,22.0,22.0,22.0,22.0,22.0,22.0,23.0,24
59,clofoctol,1.0,1.0,15.0,15.0,15.0,15.0,15.0,15.0,15.0,15.0,15.0,15.0,15.0,15.0,15.0,15.0,15.0,15.0,15.0,15.0,15.0,15.0,15.0,15.0,15.0,15.0,15.0,15.0,15.0,32.0,32.0,32.0,32.0,32.0,32.0,32.0,32.0,32.0,32.0,32.0,32.0,32.0,32.0,32
60,bufexamac,11.0,19.0,20.0,20.0,20.0,20.0,20.0,29.0,33.0,54.0,54.0,54.0,60.0,60.0,64.0,64.0,64.0,66.0,66.0,83.0,85.0,85.0,85.0,95.0,115.0,123.0,124.0,124.0,127.0,127.0,130.0,130.0,133.0,134.0,134.0,134.0,139.0,139.0,139.0,139.0,139.0,139.0,139.0,139
61,deanol,10.0,10.0,10.0,10.0,12.0,12.0,12.0,12.0,12.0,12.0,13.0,13.0,13.0,13.0,13.0,13.0,13.0,18.0,22.0,22.0,22.0,22.0,22.0,22.0,26.0,26.0,26.0,26.0,26.0,28.0,28.0,28.0,28.0,28.0,28.0,32.0,36.0,36.0,36.0,36.0,36.0,36.0,36.0,44
62,fenticonazole,20.0,41.0,41.0,41.0,41.0,44.0,44.0,44.0,44.0,44.0,44.0,44.0,44.0,44.0,44.0,44.0,44.0,44.0,44.0,44.0,52.0,52.0,52.0,52.0,52.0,52.0,52.0,52.0,52.0,52.0,52.0,52.0,56.0,56.0,56.0,56.0,61.0,66.0,77.0,85.0,85.0,85.0,85.0,85
63,budipine,3.0,3.0,3.0,3.0,3.0,3.0,3.0,3.0,6.0,6.0,6.0,6.0,6.0,6.0,6.0,6.0,6.0,6.0,6.0,6.0,6.0,6.0,6.0,6.0,6.0,6.0,6.0,6.0,6.0,6.0,6.0,6.0,6.0,6.0,6.0,6.0,6.0,6.0,6.0,6.0,6.0,6.0,6.0,6
64,aloxiprin,4.0,4.0,30.0,30.0,30.0,30.0,31.0,34.0,34.0,43.0,67.0,69.0,69.0,69.0,116.0,116.0,116.0,116.0,116.0,116.0,116.0,116.0,116.0,116.0,116.0,116.0,116.0,116.0,116.0,116.0,116.0,116.0,116.0,116.0,116.0,116.0,116.0,117.0,117.0,117.0,117.0,117.0,117.0,117
65,veralipride,6.0,14.0,14.0,14.0,18.0,27.0,27.0,27.0,36.0,38.0,38.0,38.0,38.0,42.0,42.0,42.0,45.0,45.0,45.0,45.0,50.0,50.0,50.0,51.0,51.0,69.0,69.0,69.0,69.0,69.0,69.0,69.0,69.0,69.0,71.0,71.0,71.0,71.0,71.0,71.0,71.0,71.0,71.0,71
66,allobarbital,1.0,1.0,1.0,1.0,1.0,1.0,1.0,1.0,1.0,10.0,10.0,10.0,10.0,10.0,10.0,10.0,10.0,10.0,10.0,10.0,10.0,10.0,10.0,10.0,10.0,10.0,10.0,10.0,10.0,10.0,10.0,10.0,10.0,10.0,10.0,10.0,10.0,10.0,17.0,17.0,17.0,17.0,17.0,17
67,pridinol,11.0,11.0,11.0,11.0,29.0,29.0,29.0,29.0,29.0,45.0,45.0,45.0,45.0,45.0,64.0,64.0,64.0,67.0,70.0,70.0,70.0,75.0,75.0,84.0,84.0,84.0,84.0,85.0,85.0,85.0,85.0,85.0,96.0,96.0,100.0,100.0,100.0,100.0,100.0,100.0,100.0,101.0,101.0,101
68,benorilate,10.0,10.0,18.0,18.0,18.0,18.0,18.0,18.0,18.0,18.0,18.0,18.0,18.0,32.0,32.0,32.0,32.0,33.0,33.0,33.0,33.0,33.0,33.0,33.0,33.0,33.0,33.0,33.0,33.0,33.0,33.0,33.0,33.0,33.0,33.0,33.0,33.0,36.0,36.0,36.0,36.0,36.0,36.0,36
69,vinburnine,8.0,8.0,21.0,26.0,26.0,29.0,29.0,29.0,35.0,35.0,49.0,49.0,49.0,49.0,52.0,69.0,69.0,69.0,69.0,69.0,95.0,95.0,95.0,95.0,95.0,95.0,95.0,95.0,95.0,95.0,95.0,95.0,95.0,95.0,95.0,95.0,95.0,95.0,95.0,95.0,95.0,95.0,95.0,95
70,ferric chloride,1.0,1.0,2.0,2.0,2.0,2.0,2.0,2.0,2.0,2.0,2.0,2.0,2.0,2.0,2.0,2.0,2.0,2.0,2.0,2.0,2.0,3.0,3.0,3.0,3.0,3.0,3.0,3.0,3.0,3.0,3.0,9.0,9.0,9.0,9.0,9.0,9.0,9.0,9.0,9.0,9.0,9.0,21.0,21
71,zinc orotate,4.0,4.0,4.0,4.0,4.0,4.0,4.0,4.0,4.0,4.0,4.0,6.0,6.0,6.0,6.0,6.0,6.0,6.0,6.0,12.0,12.0,12.0,12.0,12.0,12.0,17.0,17.0,17.0,17.0,17.0,17.0,17.0,26.0,26.0,26.0,26.0,32.0,32.0,35.0,35.0,35.0,35.0,35.0,65
72,ruscogenin,5.0,5.0,5.0,5.0,5.0,5.0,5.0,5.0,5.0,5.0,5.0,5.0,5.0,11.0,11.0,11.0,11.0,11.0,11.0,11.0,11.0,11.0,11.0,11.0,11.0,11.0,11.0,11.0,11.0,11.0,11.0,17.0,17.0,17.0,17.0,17.0,17.0,17.0,17.0,17.0,17.0,17.0,17.0,17
73,ethchlorvynol,,9.0,9.0,9.0,9.0,9.0,9.0,18.0,18.0,18.0,33.0,39.0,39.0,71.0,71.0,71.0,71.0,71.0,71.0,71.0,71.0,71.0,76.0,76.0,76.0,77.0,77.0,77.0,77.0,77.0,77.0,77.0,77.0,77.0,77.0,77.0,77.0,78.0,78.0,78.0,79.0,81.0,85.0,90
74,dicumarol,,2.0,2.0,2.0,2.0,2.0,3.0,3.0,3.0,39.0,43.0,43.0,43.0,47.0,47.0,56.0,56.0,56.0,56.0,56.0,56.0,56.0,58.0,63.0,63.0,63.0,63.0,63.0,66.0,66.0,66.0,72.0,75.0,90.0,90.0,90.0,90.0,97.0,97.0,99.0,99.0,99.0,99.0,99
75,astemizole,,17.0,17.0,18.0,19.0,19.0,30.0,30.0,30.0,30.0,30.0,30.0,33.0,33.0,41.0,63.0,68.0,68.0,75.0,77.0,77.0,77.0,120.0,120.0,120.0,120.0,122.0,206.0,206.0,230.0,235.0,235.0,235.0,235.0,236.0,236.0,236.0,236.0,237.0,237.0,238.0,240.0,240.0,243
76,phenformin,,3.0,3.0,3.0,7.0,7.0,7.0,7.0,9.0,9.0,11.0,11.0,11.0,11.0,11.0,11.0,11.0,11.0,11.0,11.0,11.0,11.0,11.0,11.0,11.0,11.0,11.0,11.0,11.0,11.0,11.0,11.0,14.0,17.0,21.0,22.0,22.0,22.0,25.0,25.0,25.0,25.0,25.0,25
77,mesoridazine,,3.0,11.0,27.0,33.0,34.0,59.0,66.0,93.0,94.0,94.0,94.0,131.0,135.0,141.0,141.0,141.0,160.0,160.0,160.0,160.0,191.0,191.0,203.0,203.0,203.0,208.0,213.0,220.0,220.0,220.0,220.0,220.0,220.0,223.0,226.0,226.0,226.0,226.0,228.0,228.0,228.0,228.0,249
78,demecarium,,3.0,3.0,3.0,3.0,3.0,3.0,4.0,4.0,4.0,4.0,4.0,4.0,17.0,17.0,17.0,17.0,17.0,17.0,17.0,17.0,19.0,19.0,19.0,19.0,19.0,28.0,28.0,29.0,29.0,32.0,32.0,32.0,32.0,32.0,33.0,39.0,40.0,41.0,41.0,41.0,41.0,41.0,41
79,mezlocillin,,1.0,1.0,13.0,13.0,13.0,13.0,14.0,17.0,20.0,25.0,27.0,27.0,27.0,27.0,32.0,32.0,32.0,34.0,34.0,34.0,34.0,34.0,34.0,34.0,39.0,39.0,39.0,39.0,39.0,39.0,46.0,60.0,60.0,60.0,66.0,66.0,66.0,66.0,67.0,67.0,74.0,75.0,79
80,deserpidine,,1.0,1.0,3.0,3.0,3.0,3.0,3.0,3.0,3.0,3.0,3.0,3.0,3.0,3.0,3.0,3.0,3.0,3.0,3.0,3.0,3.0,3.0,3.0,16.0,16.0,16.0,18.0,18.0,18.0,18.0,18.0,18.0,76.0,76.0,76.0,76.0,76.0,76.0,76.0,76.0,76.0,76.0,76
81,guanethidine,,5.0,15.0,15.0,15.0,17.0,34.0,34.0,34.0,34.0,34.0,34.0,34.0,34.0,36.0,36.0,36.0,36.0,36.0,36.0,39.0,39.0,39.0,39.0,40.0,41.0,43.0,43.0,48.0,48.0,48.0,48.0,48.0,48.0,48.0,59.0,59.0,59.0,59.0,59.0,59.0,59.0,59.0,59
82,metipranolol,,1.0,3.0,3.0,15.0,46.0,57.0,57.0,57.0,57.0,74.0,80.0,82.0,82.0,82.0,82.0,86.0,86.0,86.0,88.0,95.0,98.0,104.0,104.0,105.0,105.0,105.0,176.0,176.0,176.0,180.0,180.0,181.0,184.0,184.0,184.0,184.0,184.0,190.0,190.0,190.0,190.0,197.0,197
83,ergonovine,,32.0,32.0,32.0,49.0,49.0,49.0,49.0,49.0,49.0,49.0,49.0,49.0,49.0,54.0,55.0,55.0,55.0,85.0,85.0,94.0,138.0,138.0,138.0,143.0,143.0,143.0,143.0,143.0,143.0,146.0,146.0,150.0,150.0,150.0,161.0,163.0,163.0,163.0,163.0,163.0,185.0,185.0,216
84,polythiazide,,8.0,8.0,8.0,8.0,8.0,8.0,8.0,8.0,8.0,8.0,8.0,8.0,8.0,8.0,8.0,8.0,8.0,8.0,8.0,8.0,8.0,8.0,8.0,12.0,12.0,12.0,12.0,12.0,12.0,13.0,13.0,13.0,13.0,13.0,14.0,14.0,14.0,14.0,14.0,14.0,14.0,14.0,14
85,mestranol,,5.0,8.0,15.0,26.0,26.0,26.0,26.0,34.0,34.0,35.0,50.0,50.0,50.0,50.0,50.0,50.0,50.0,50.0,50.0,50.0,53.0,53.0,53.0,53.0,53.0,53.0,53.0,53.0,53.0,53.0,53.0,53.0,77.0,77.0,77.0,78.0,78.0,78.0,78.0,78.0,78.0,79.0,79
86,fenproporex,,4.0,4.0,4.0,4.0,5.0,5.0,5.0,5.0,5.0,5.0,5.0,5.0,5.0,5.0,5.0,5.0,6.0,6.0,6.0,6.0,6.0,6.0,6.0,6.0,6.0,9.0,13.0,13.0,13.0,13.0,13.0,13.0,13.0,22.0,22.0,22.0,22.0,22.0,23.0,23.0,26.0,26.0,26
87,pivampicillin,,2.0,2.0,9.0,9.0,30.0,30.0,30.0,30.0,32.0,34.0,47.0,61.0,61.0,61.0,63.0,63.0,63.0,67.0,67.0,67.0,67.0,67.0,67.0,70.0,77.0,77.0,77.0,77.0,81.0,81.0,93.0,93.0,93.0,93.0,98.0,98.0,102.0,102.0,106.0,106.0,115.0,123.0,123
88,amdinocillin pivoxil,,7.0,7.0,7.0,7.0,7.0,17.0,17.0,26.0,36.0,36.0,39.0,39.0,39.0,41.0,49.0,49.0,49.0,56.0,56.0,56.0,60.0,62.0,62.0,69.0,69.0,73.0,73.0,73.0,73.0,74.0,74.0,74.0,74.0,74.0,129.0,140.0,140.0,140.0,142.0,142.0,146.0,146.0,146
89,oxyphenbutazone,,4.0,4.0,18.0,18.0,18.0,18.0,18.0,18.0,18.0,18.0,18.0,18.0,18.0,18.0,18.0,18.0,18.0,18.0,18.0,18.0,18.0,18.0,18.0,18.0,18.0,19.0,19.0,19.0,19.0,19.0,19.0,30.0,30.0,30.0,30.0,30.0,30.0,30.0,30.0,30.0,30.0,30.0,30
90,tiratricol,,4.0,4.0,4.0,11.0,11.0,11.0,19.0,19.0,21.0,21.0,21.0,23.0,24.0,24.0,24.0,24.0,24.0,24.0,24.0,24.0,24.0,24.0,24.0,24.0,24.0,26.0,26.0,26.0,26.0,26.0,26.0,26.0,26.0,26.0,26.0,26.0,26.0,26.0,43.0,52.0,52.0,52.0,52
91,phenethylamine,,2.0,2.0,2.0,2.0,2.0,2.0,2.0,2.0,2.0,2.0,2.0,2.0,2.0,2.0,2.0,2.0,2.0,2.0,2.0,2.0,2.0,4.0,6.0,6.0,6.0,11.0,11.0,11.0,11.0,11.0,22.0,22.0,30.0,30.0,30.0,30.0,30.0,30.0,30.0,30.0,30.0,30.0,30
92,quinestrol,,4.0,4.0,4.0,4.0,5.0,5.0,10.0,10.0,10.0,10.0,10.0,10.0,10.0,10.0,10.0,10.0,10.0,10.0,10.0,10.0,10.0,10.0,10.0,10.0,10.0,10.0,10.0,10.0,10.0,10.0,10.0,10.0,10.0,10.0,10.0,10.0,10.0,10.0,10.0,10.0,10.0,10.0,10
93,fluocortolone,,12.0,12.0,12.0,12.0,22.0,22.0,22.0,22.0,22.0,22.0,25.0,25.0,25.0,25.0,25.0,42.0,43.0,45.0,45.0,47.0,54.0,55.0,55.0,55.0,55.0,55.0,55.0,76.0,76.0,76.0,76.0,76.0,76.0,76.0,76.0,86.0,86.0,86.0,86.0,86.0,86.0,89.0,89
94,aurothioglucose,,18.0,18.0,18.0,18.0,27.0,59.0,59.0,59.0,59.0,59.0,59.0,60.0,60.0,60.0,61.0,61.0,61.0,66.0,73.0,73.0,73.0,73.0,73.0,73.0,75.0,75.0,75.0,75.0,101.0,101.0,101.0,101.0,101.0,101.0,101.0,105.0,105.0,107.0,107.0,107.0,107.0,107.0,107
95,iotrolan,,5.0,5.0,5.0,5.0,5.0,5.0,5.0,5.0,5.0,5.0,5.0,5.0,5.0,5.0,5.0,5.0,5.0,5.0,5.0,5.0,5.0,5.0,5.0,5.0,5.0,5.0,5.0,5.0,16.0,16.0,16.0,21.0,21.0,25.0,25.0,25.0,25.0,25.0,25.0,25.0,25.0,25.0,25
96,indium in-111 chloride,,11.0,11.0,11.0,11.0,11.0,11.0,11.0,11.0,11.0,11.0,11.0,11.0,11.0,11.0,11.0,11.0,11.0,11.0,11.0,11.0,11.0,11.0,11.0,11.0,11.0,11.0,11.0,11.0,11.0,11.0,11.0,11.0,11.0,11.0,11.0,11.0,11.0,11.0,11.0,11.0,11.0,11.0,11
97,titanium dioxide,,8.0,8.0,8.0,8.0,8.0,8.0,8.0,8.0,8.0,8.0,8.0,8.0,8.0,8.0,8.0,8.0,8.0,8.0,8.0,8.0,8.0,8.0,8.0,8.0,8.0,8.0,8.0,12.0,12.0,14.0,14.0,14.0,14.0,16.0,16.0,16.0,16.0,16.0,16.0,18.0,18.0,18.0,22
98,"silicon dioxide, colloidal",,11.0,11.0,11.0,11.0,11.0,20.0,20.0,20.0,20.0,20.0,20.0,20.0,20.0,20.0,20.0,20.0,20.0,20.0,20.0,20.0,20.0,20.0,20.0,20.0,20.0,23.0,23.0,23.0,23.0,23.0,23.0,23.0,23.0,23.0,23.0,27.0,27.0,27.0,27.0,27.0,28.0,28.0,28
99,sulfuric acid,,10.0,10.0,10.0,10.0,10.0,10.0,14.0,14.0,14.0,14.0,14.0,14.0,14.0,14.0,14.0,14.0,15.0,16.0,17.0,19.0,19.0,19.0,19.0,19.0,19.0,19.0,19.0,19.0,19.0,20.0,20.0,20.0,24.0,24.0,24.0,24.0,25.0,25.0,25.0,46.0,46.0,46.0,46
100,tribenoside,,6.0,6.0,6.0,6.0,6.0,6.0,11.0,22.0,22.0,22.0,22.0,22.0,25.0,26.0,26.0,26.0,26.0,29.0,29.0,29.0,29.0,29.0,50.0,50.0,50.0,50.0,54.0,54.0,56.0,60.0,86.0,86.0,86.0,87.0,87.0,108.0,111.0,111.0,111.0,111.0,113.0,121.0,127
101,propamidine,,6.0,6.0,6.0,6.0,7.0,7.0,7.0,7.0,7.0,7.0,7.0,7.0,7.0,9.0,9.0,9.0,9.0,9.0,9.0,9.0,9.0,9.0,9.0,9.0,22.0,22.0,30.0,31.0,31.0,31.0,31.0,35.0,35.0,35.0,35.0,35.0,40.0,40.0,40.0,40.0,40.0,40.0,41
102,feprazone,,5.0,5.0,7.0,7.0,7.0,7.0,7.0,7.0,7.0,23.0,23.0,23.0,23.0,23.0,23.0,23.0,23.0,23.0,23.0,23.0,23.0,23.0,23.0,23.0,23.0,23.0,23.0,23.0,23.0,23.0,23.0,23.0,23.0,23.0,23.0,23.0,23.0,23.0,23.0,23.0,23.0,23.0,23
103,midecamycin,,9.0,9.0,9.0,9.0,9.0,9.0,9.0,9.0,9.0,9.0,9.0,9.0,9.0,9.0,9.0,9.0,21.0,21.0,21.0,21.0,22.0,22.0,22.0,22.0,22.0,22.0,22.0,22.0,22.0,22.0,22.0,22.0,22.0,22.0,22.0,22.0,22.0,22.0,22.0,22.0,22.0,22.0,22
104,mepindolol,,16.0,24.0,31.0,31.0,31.0,31.0,31.0,31.0,31.0,31.0,31.0,31.0,31.0,31.0,31.0,31.0,31.0,31.0,31.0,31.0,31.0,31.0,31.0,31.0,31.0,31.0,31.0,31.0,31.0,31.0,31.0,31.0,31.0,31.0,31.0,31.0,31.0,31.0,31.0,31.0,31.0,31.0,31
105,cyclopenthiazide,,3.0,6.0,6.0,6.0,6.0,6.0,6.0,6.0,6.0,6.0,6.0,6.0,6.0,6.0,9.0,9.0,9.0,9.0,9.0,9.0,9.0,9.0,9.0,9.0,26.0,26.0,26.0,26.0,27.0,27.0,27.0,27.0,27.0,28.0,28.0,29.0,29.0,29.0,31.0,31.0,31.0,31.0,33
106,zipeprol,,2.0,2.0,2.0,2.0,2.0,2.0,2.0,2.0,2.0,2.0,2.0,2.0,2.0,2.0,2.0,2.0,2.0,2.0,2.0,2.0,2.0,2.0,2.0,3.0,4.0,5.0,5.0,5.0,5.0,5.0,5.0,5.0,5.0,5.0,5.0,5.0,5.0,5.0,5.0,5.0,5.0,5.0,5
107,phenazocine,,3.0,3.0,15.0,15.0,15.0,15.0,15.0,15.0,15.0,15.0,15.0,15.0,15.0,15.0,15.0,15.0,15.0,15.0,15.0,15.0,15.0,15.0,16.0,16.0,16.0,21.0,21.0,21.0,21.0,21.0,21.0,21.0,21.0,21.0,21.0,21.0,21.0,21.0,21.0,21.0,21.0,21.0,21
108,ipriflavone,,5.0,12.0,12.0,12.0,24.0,24.0,26.0,40.0,71.0,71.0,80.0,84.0,85.0,85.0,85.0,88.0,88.0,88.0,88.0,88.0,120.0,120.0,120.0,128.0,131.0,131.0,131.0,141.0,141.0,141.0,154.0,170.0,185.0,185.0,185.0,185.0,185.0,185.0,185.0,186.0,191.0,191.0,191
109,magnesium orotate,,2.0,2.0,2.0,2.0,2.0,10.0,10.0,10.0,10.0,10.0,10.0,10.0,10.0,18.0,18.0,18.0,18.0,18.0,18.0,18.0,19.0,19.0,26.0,26.0,26.0,26.0,26.0,26.0,26.0,26.0,26.0,26.0,32.0,32.0,32.0,32.0,32.0,32.0,35.0,35.0,35.0,35.0,35
110,ethynodiol,,4.0,4.0,4.0,4.0,9.0,9.0,9.0,9.0,31.0,31.0,31.0,31.0,31.0,33.0,33.0,33.0,33.0,33.0,33.0,33.0,33.0,33.0,33.0,33.0,33.0,33.0,33.0,33.0,33.0,33.0,33.0,33.0,33.0,33.0,33.0,33.0,33.0,33.0,33.0,33.0,33.0,34.0,34
111,bismuth subgallate,,11.0,11.0,11.0,11.0,11.0,11.0,11.0,11.0,11.0,11.0,11.0,11.0,11.0,11.0,11.0,11.0,11.0,58.0,60.0,60.0,60.0,60.0,60.0,60.0,60.0,60.0,60.0,60.0,60.0,60.0,60.0,60.0,60.0,60.0,62.0,62.0,75.0,75.0,76.0,76.0,76.0,76.0,76
112,methylparaben,,8.0,8.0,8.0,8.0,8.0,8.0,8.0,8.0,8.0,8.0,8.0,8.0,8.0,8.0,8.0,8.0,8.0,8.0,8.0,8.0,8.0,8.0,8.0,8.0,8.0,8.0,8.0,8.0,8.0,8.0,8.0,8.0,8.0,17.0,17.0,17.0,17.0,17.0,17.0,17.0,17.0,17.0,17
113,leucine,,,22.0,27.0,27.0,27.0,27.0,27.0,27.0,27.0,27.0,27.0,37.0,37.0,37.0,37.0,37.0,37.0,37.0,37.0,38.0,42.0,42.0,42.0,43.0,43.0,44.0,46.0,46.0,51.0,53.0,53.0,55.0,55.0,55.0,55.0,55.0,69.0,69.0,69.0,95.0,95.0,100.0,105
114,proline,,,3.0,3.0,3.0,3.0,3.0,3.0,3.0,3.0,3.0,8.0,8.0,8.0,8.0,8.0,8.0,8.0,8.0,8.0,9.0,9.0,9.0,9.0,9.0,9.0,9.0,9.0,12.0,12.0,12.0,12.0,12.0,12.0,12.0,12.0,12.0,12.0,12.0,12.0,16.0,16.0,16.0,16
115,dapiprazole,,,3.0,3.0,3.0,3.0,3.0,5.0,5.0,5.0,5.0,5.0,5.0,5.0,5.0,5.0,5.0,5.0,5.0,5.0,5.0,5.0,5.0,5.0,5.0,5.0,5.0,5.0,5.0,5.0,5.0,5.0,126.0,126.0,126.0,128.0,128.0,128.0,128.0,128.0,128.0,133.0,133.0,133
116,ibutilide,,,18.0,18.0,18.0,18.0,18.0,18.0,18.0,18.0,18.0,25.0,27.0,39.0,39.0,39.0,42.0,42.0,44.0,44.0,44.0,44.0,44.0,44.0,44.0,46.0,47.0,47.0,65.0,90.0,118.0,118.0,118.0,123.0,123.0,125.0,127.0,127.0,130.0,130.0,133.0,133.0,137.0,137
117,calcium gluceptate,,,3.0,3.0,3.0,3.0,3.0,3.0,3.0,3.0,3.0,3.0,3.0,3.0,3.0,3.0,3.0,3.0,3.0,3.0,3.0,3.0,3.0,3.0,3.0,3.0,3.0,3.0,3.0,4.0,4.0,4.0,4.0,4.0,4.0,4.0,4.0,4.0,4.0,4.0,4.0,4.0,4.0,7
118,methoxamine,,,4.0,4.0,4.0,4.0,10.0,10.0,10.0,10.0,10.0,10.0,10.0,10.0,10.0,13.0,15.0,15.0,24.0,34.0,39.0,39.0,39.0,39.0,39.0,39.0,40.0,40.0,40.0,53.0,53.0,103.0,103.0,103.0,103.0,103.0,103.0,106.0,106.0,106.0,116.0,116.0,116.0,116
119,pralidoxime,,,2.0,2.0,2.0,2.0,2.0,10.0,10.0,10.0,10.0,11.0,11.0,15.0,15.0,15.0,15.0,15.0,15.0,15.0,15.0,15.0,15.0,15.0,15.0,15.0,15.0,19.0,19.0,36.0,36.0,36.0,36.0,36.0,38.0,40.0,43.0,43.0,43.0,62.0,63.0,66.0,77.0,82
120,methoxyflurane,,,17.0,17.0,17.0,17.0,17.0,17.0,17.0,17.0,17.0,17.0,17.0,17.0,17.0,17.0,17.0,17.0,17.0,17.0,17.0,17.0,17.0,17.0,17.0,17.0,17.0,17.0,17.0,18.0,18.0,18.0,18.0,18.0,18.0,18.0,18.0,18.0,18.0,19.0,19.0,28.0,28.0,28
121,tubocurarine,,,17.0,17.0,17.0,17.0,17.0,17.0,17.0,17.0,17.0,17.0,17.0,17.0,17.0,17.0,17.0,17.0,17.0,17.0,17.0,17.0,17.0,17.0,17.0,26.0,26.0,26.0,26.0,26.0,26.0,26.0,26.0,26.0,26.0,26.0,26.0,28.0,28.0,28.0,28.0,28.0,28.0,28
122,oxtriphylline,,,2.0,9.0,9.0,9.0,9.0,9.0,9.0,9.0,9.0,18.0,18.0,18.0,18.0,18.0,18.0,18.0,18.0,18.0,18.0,18.0,18.0,18.0,18.0,18.0,18.0,18.0,18.0,18.0,18.0,60.0,60.0,60.0,60.0,145.0,145.0,145.0,145.0,145.0,145.0,145.0,145.0,147
123,pipecuronium,,,5.0,5.0,5.0,5.0,5.0,5.0,5.0,5.0,5.0,5.0,5.0,5.0,5.0,7.0,7.0,7.0,7.0,7.0,7.0,7.0,8.0,8.0,10.0,10.0,10.0,10.0,10.0,10.0,11.0,11.0,15.0,15.0,15.0,15.0,28.0,44.0,44.0,44.0,56.0,56.0,60.0,60
124,allylestrenol,,,3.0,8.0,8.0,8.0,8.0,19.0,19.0,19.0,19.0,19.0,19.0,52.0,59.0,59.0,59.0,59.0,62.0,62.0,62.0,62.0,62.0,62.0,62.0,62.0,62.0,62.0,62.0,62.0,64.0,71.0,71.0,71.0,71.0,72.0,72.0,72.0,76.0,76.0,81.0,82.0,82.0,84
125,kaolin,,,3.0,3.0,25.0,38.0,41.0,55.0,58.0,58.0,58.0,58.0,58.0,58.0,58.0,67.0,67.0,67.0,67.0,67.0,67.0,67.0,67.0,70.0,86.0,86.0,87.0,87.0,87.0,87.0,87.0,87.0,87.0,87.0,87.0,89.0,89.0,89.0,89.0,89.0,97.0,97.0,113.0,132
126,beta-alanine,,,8.0,19.0,19.0,19.0,23.0,23.0,23.0,23.0,23.0,31.0,31.0,32.0,32.0,32.0,40.0,40.0,40.0,40.0,40.0,44.0,44.0,44.0,44.0,44.0,44.0,44.0,44.0,48.0,49.0,49.0,49.0,49.0,49.0,49.0,49.0,49.0,49.0,49.0,49.0,50.0,50.0,50
127,aniracetam,,,2.0,2.0,2.0,2.0,2.0,2.0,2.0,2.0,2.0,2.0,2.0,2.0,2.0,2.0,2.0,2.0,4.0,4.0,4.0,7.0,7.0,10.0,10.0,10.0,10.0,10.0,10.0,10.0,10.0,10.0,10.0,17.0,18.0,39.0,39.0,43.0,43.0,47.0,47.0,47.0,47.0,47
128,methapyrilene,,,1.0,1.0,1.0,1.0,1.0,1.0,1.0,1.0,1.0,1.0,1.0,1.0,1.0,1.0,1.0,1.0,1.0,1.0,1.0,1.0,1.0,1.0,1.0,1.0,1.0,1.0,1.0,1.0,1.0,1.0,1.0,1.0,1.0,1.0,1.0,1.0,1.0,1.0,1.0,1.0,1.0,1
129,methaqualone,,,8.0,8.0,8.0,8.0,11.0,11.0,11.0,14.0,14.0,14.0,14.0,14.0,14.0,14.0,14.0,14.0,14.0,14.0,14.0,14.0,14.0,14.0,14.0,14.0,14.0,14.0,14.0,14.0,19.0,19.0,19.0,116.0,132.0,132.0,132.0,132.0,132.0,132.0,132.0,132.0,143.0,148
130,sodium stibogluconate,,,2.0,2.0,2.0,18.0,18.0,18.0,18.0,18.0,18.0,21.0,21.0,21.0,27.0,27.0,27.0,27.0,27.0,27.0,27.0,27.0,55.0,55.0,66.0,70.0,70.0,71.0,74.0,74.0,74.0,74.0,74.0,74.0,74.0,77.0,77.0,77.0,77.0,77.0,77.0,80.0,85.0,85
131,methacholine,,,4.0,4.0,4.0,4.0,4.0,4.0,4.0,4.0,4.0,4.0,11.0,11.0,11.0,11.0,11.0,11.0,12.0,12.0,12.0,19.0,20.0,22.0,23.0,26.0,26.0,26.0,33.0,37.0,133.0,138.0,145.0,145.0,160.0,302.0,302.0,302.0,306.0,308.0,308.0,314.0,314.0,314
132,mafenide,,,4.0,4.0,4.0,4.0,4.0,7.0,7.0,7.0,7.0,21.0,21.0,21.0,21.0,21.0,21.0,21.0,23.0,23.0,23.0,23.0,23.0,23.0,23.0,24.0,25.0,25.0,25.0,25.0,25.0,25.0,25.0,26.0,28.0,28.0,28.0,28.0,28.0,28.0,30.0,30.0,38.0,38
133,nonoxynol-9,,,1.0,1.0,1.0,1.0,1.0,1.0,1.0,1.0,1.0,1.0,1.0,1.0,1.0,1.0,1.0,1.0,1.0,4.0,9.0,9.0,10.0,12.0,12.0,12.0,12.0,13.0,15.0,15.0,21.0,32.0,32.0,32.0,42.0,42.0,43.0,43.0,43.0,43.0,44.0,44.0,44.0,54
134,unoprostone,,,1.0,1.0,1.0,1.0,1.0,1.0,1.0,1.0,1.0,1.0,1.0,1.0,7.0,7.0,7.0,7.0,7.0,7.0,7.0,7.0,7.0,7.0,7.0,7.0,7.0,7.0,7.0,7.0,7.0,8.0,8.0,8.0,8.0,8.0,8.0,8.0,8.0,8.0,8.0,8.0,8.0,10
135,isothipendyl,,,9.0,9.0,9.0,9.0,9.0,9.0,9.0,9.0,9.0,9.0,9.0,9.0,9.0,9.0,9.0,9.0,9.0,9.0,9.0,9.0,9.0,9.0,9.0,9.0,9.0,9.0,9.0,9.0,9.0,9.0,9.0,9.0,9.0,9.0,9.0,9.0,9.0,9.0,9.0,9.0,9.0,9
136,chlortetracycline,,,3.0,3.0,4.0,4.0,4.0,4.0,4.0,4.0,4.0,5.0,8.0,8.0,8.0,8.0,8.0,8.0,8.0,8.0,8.0,8.0,8.0,8.0,8.0,22.0,22.0,22.0,22.0,22.0,22.0,28.0,28.0,32.0,32.0,38.0,39.0,39.0,39.0,47.0,47.0,49.0,49.0,49
137,triclocarban,,,4.0,4.0,4.0,4.0,4.0,4.0,4.0,4.0,4.0,4.0,4.0,4.0,4.0,4.0,4.0,4.0,4.0,4.0,4.0,4.0,4.0,4.0,4.0,4.0,4.0,4.0,4.0,4.0,4.0,4.0,4.0,4.0,4.0,4.0,4.0,4.0,11.0,11.0,11.0,11.0,11.0,14
138,zinc picolinate,,,21.0,21.0,21.0,43.0,43.0,43.0,43.0,43.0,43.0,43.0,43.0,43.0,43.0,45.0,45.0,45.0,45.0,45.0,48.0,48.0,48.0,48.0,48.0,48.0,48.0,48.0,51.0,51.0,51.0,51.0,51.0,51.0,108.0,112.0,112.0,125.0,125.0,125.0,125.0,125.0,125.0,125
139,diethyltoluamide,,,2.0,2.0,2.0,2.0,2.0,2.0,2.0,2.0,2.0,2.0,2.0,2.0,2.0,2.0,2.0,2.0,2.0,2.0,2.0,2.0,2.0,2.0,2.0,2.0,2.0,2.0,2.0,2.0,2.0,2.0,2.0,2.0,2.0,2.0,2.0,2.0,2.0,2.0,2.0,2.0,2.0,2
140,dopexamine,,,1.0,1.0,15.0,15.0,35.0,35.0,40.0,40.0,40.0,40.0,43.0,43.0,43.0,43.0,43.0,43.0,43.0,43.0,43.0,43.0,43.0,43.0,43.0,43.0,43.0,43.0,43.0,43.0,43.0,43.0,43.0,43.0,43.0,43.0,43.0,43.0,43.0,43.0,43.0,43.0,43.0,43
141,norethandrolone,,,12.0,16.0,16.0,16.0,16.0,16.0,16.0,16.0,16.0,22.0,22.0,22.0,28.0,28.0,28.0,28.0,28.0,28.0,28.0,28.0,28.0,31.0,31.0,31.0,31.0,31.0,31.0,31.0,32.0,32.0,49.0,55.0,55.0,55.0,63.0,63.0,67.0,67.0,67.0,67.0,67.0,100
142,norflurane,,,19.0,19.0,19.0,19.0,19.0,19.0,19.0,19.0,19.0,19.0,19.0,19.0,19.0,19.0,19.0,19.0,19.0,19.0,19.0,19.0,19.0,19.0,19.0,19.0,19.0,19.0,19.0,19.0,19.0,19.0,19.0,19.0,19.0,19.0,19.0,19.0,19.0,19.0,19.0,24.0,24.0,24
143,ethacridine,,,1.0,1.0,1.0,1.0,1.0,1.0,1.0,1.0,1.0,1.0,1.0,1.0,1.0,1.0,1.0,1.0,3.0,3.0,3.0,3.0,3.0,3.0,3.0,3.0,3.0,3.0,3.0,3.0,3.0,3.0,3.0,3.0,3.0,3.0,3.0,3.0,3.0,3.0,3.0,5.0,5.0,5
144,ferrous aspartate,,,6.0,7.0,11.0,11.0,15.0,15.0,15.0,15.0,15.0,15.0,15.0,15.0,15.0,15.0,15.0,15.0,15.0,15.0,15.0,15.0,15.0,15.0,15.0,15.0,15.0,15.0,15.0,15.0,15.0,15.0,15.0,15.0,15.0,15.0,15.0,15.0,15.0,15.0,15.0,15.0,15.0,15
145,phenethicillin,,,13.0,13.0,13.0,13.0,13.0,13.0,13.0,13.0,15.0,16.0,16.0,16.0,16.0,16.0,16.0,17.0,17.0,17.0,17.0,17.0,23.0,23.0,23.0,23.0,23.0,23.0,27.0,29.0,31.0,31.0,31.0,31.0,31.0,31.0,31.0,32.0,33.0,37.0,37.0,37.0,37.0,40
146,oxypertine,,,12.0,12.0,13.0,13.0,13.0,13.0,13.0,16.0,16.0,16.0,16.0,16.0,16.0,16.0,16.0,16.0,16.0,16.0,16.0,16.0,18.0,19.0,19.0,19.0,19.0,22.0,22.0,22.0,22.0,27.0,37.0,39.0,39.0,39.0,47.0,47.0,47.0,47.0,47.0,47.0,47.0,49
147,bencyclane,,,11.0,21.0,21.0,21.0,21.0,21.0,21.0,21.0,24.0,24.0,24.0,24.0,24.0,24.0,24.0,39.0,39.0,39.0,39.0,39.0,39.0,39.0,39.0,39.0,39.0,39.0,39.0,39.0,39.0,39.0,39.0,39.0,39.0,39.0,39.0,39.0,58.0,61.0,61.0,61.0,61.0,61
148,gallamine,,,8.0,8.0,8.0,8.0,8.0,8.0,8.0,8.0,8.0,8.0,8.0,8.0,8.0,8.0,8.0,8.0,8.0,8.0,8.0,8.0,8.0,8.0,8.0,11.0,11.0,11.0,11.0,11.0,11.0,11.0,11.0,15.0,15.0,15.0,15.0,54.0,54.0,55.0,55.0,55.0,55.0,55
149,alcuronium,,,8.0,8.0,8.0,8.0,8.0,8.0,14.0,14.0,14.0,14.0,14.0,14.0,14.0,14.0,14.0,14.0,14.0,14.0,14.0,14.0,14.0,14.0,14.0,14.0,14.0,14.0,14.0,14.0,14.0,14.0,14.0,14.0,14.0,14.0,14.0,14.0,14.0,14.0,17.0,17.0,17.0,17
150,propicillin,,,6.0,6.0,6.0,6.0,6.0,6.0,6.0,6.0,6.0,6.0,6.0,6.0,6.0,6.0,6.0,6.0,9.0,11.0,11.0,11.0,11.0,11.0,11.0,11.0,11.0,11.0,11.0,11.0,11.0,11.0,11.0,11.0,11.0,11.0,11.0,11.0,11.0,11.0,11.0,11.0,11.0,11
151,nifuratel,,,1.0,1.0,1.0,1.0,1.0,6.0,6.0,6.0,6.0,6.0,6.0,6.0,6.0,6.0,6.0,6.0,6.0,6.0,6.0,6.0,6.0,6.0,6.0,6.0,6.0,6.0,6.0,6.0,6.0,6.0,6.0,6.0,6.0,6.0,6.0,10.0,10.0,10.0,10.0,25.0,28.0,28
152,fenoxazoline,,,5.0,6.0,6.0,7.0,7.0,7.0,7.0,7.0,7.0,7.0,7.0,7.0,7.0,7.0,7.0,7.0,7.0,7.0,7.0,7.0,11.0,11.0,24.0,24.0,24.0,24.0,24.0,24.0,24.0,24.0,24.0,24.0,24.0,24.0,29.0,36.0,47.0,71.0,71.0,71.0,79.0,84
153,cetiedil,,,1.0,1.0,1.0,1.0,3.0,3.0,3.0,3.0,3.0,3.0,3.0,3.0,3.0,3.0,3.0,3.0,3.0,3.0,3.0,3.0,3.0,3.0,3.0,3.0,3.0,3.0,3.0,3.0,3.0,3.0,3.0,3.0,3.0,3.0,3.0,3.0,3.0,3.0,3.0,3.0,3.0,3
154,phosphorus 32,,,8.0,8.0,16.0,16.0,16.0,16.0,16.0,16.0,16.0,16.0,16.0,16.0,16.0,16.0,16.0,19.0,19.0,19.0,24.0,37.0,37.0,37.0,47.0,53.0,55.0,55.0,55.0,55.0,55.0,55.0,55.0,70.0,70.0,70.0,70.0,70.0,70.0,74.0,76.0,76.0,76.0,76
155,phosphatidylserine,,,,2.0,2.0,2.0,2.0,2.0,2.0,2.0,2.0,2.0,2.0,2.0,2.0,2.0,2.0,10.0,10.0,18.0,18.0,18.0,20.0,20.0,20.0,20.0,20.0,27.0,27.0,30.0,30.0,35.0,35.0,35.0,35.0,53.0,65.0,65.0,67.0,67.0,70.0,80.0,119.0,126
156,isoleucine,,,,6.0,6.0,6.0,6.0,6.0,6.0,6.0,6.0,6.0,6.0,6.0,6.0,6.0,6.0,6.0,6.0,6.0,7.0,11.0,11.0,11.0,12.0,12.0,12.0,12.0,12.0,12.0,12.0,18.0,21.0,21.0,21.0,21.0,21.0,22.0,22.0,22.0,22.0,22.0,22.0,31
157,isoetharine,,,,7.0,12.0,12.0,14.0,14.0,14.0,19.0,24.0,24.0,30.0,34.0,34.0,34.0,38.0,38.0,51.0,55.0,55.0,55.0,76.0,76.0,76.0,76.0,78.0,101.0,101.0,101.0,101.0,104.0,104.0,115.0,115.0,119.0,122.0,122.0,122.0,122.0,122.0,122.0,122.0,122
158,trimethadione,,,,2.0,2.0,7.0,7.0,10.0,10.0,10.0,10.0,10.0,10.0,10.0,10.0,10.0,10.0,10.0,10.0,10.0,10.0,10.0,10.0,10.0,13.0,13.0,13.0,15.0,29.0,29.0,29.0,39.0,46.0,46.0,46.0,52.0,57.0,57.0,64.0,64.0,70.0,70.0,70.0,70
159,halazepam,,,,10.0,10.0,10.0,10.0,10.0,10.0,10.0,10.0,20.0,20.0,20.0,21.0,29.0,31.0,35.0,39.0,39.0,39.0,43.0,43.0,43.0,59.0,59.0,63.0,63.0,73.0,73.0,73.0,73.0,75.0,75.0,75.0,78.0,78.0,78.0,83.0,85.0,85.0,85.0,85.0,85
160,carprofen,,,,4.0,4.0,4.0,4.0,4.0,4.0,4.0,4.0,4.0,4.0,4.0,4.0,7.0,7.0,7.0,7.0,7.0,7.0,7.0,7.0,7.0,8.0,8.0,8.0,8.0,8.0,8.0,8.0,13.0,82.0,82.0,84.0,84.0,84.0,84.0,89.0,89.0,100.0,100.0,100.0,100
161,bitolterol,,,,1.0,1.0,12.0,19.0,19.0,19.0,19.0,19.0,23.0,23.0,23.0,23.0,37.0,37.0,37.0,37.0,37.0,37.0,37.0,44.0,44.0,44.0,44.0,64.0,64.0,64.0,64.0,72.0,72.0,72.0,72.0,72.0,72.0,72.0,72.0,72.0,72.0,74.0,74.0,74.0,80
162,aluminum,,,,1.0,1.0,1.0,1.0,17.0,17.0,19.0,19.0,26.0,34.0,34.0,38.0,38.0,38.0,40.0,40.0,70.0,84.0,85.0,93.0,93.0,93.0,93.0,93.0,93.0,93.0,103.0,107.0,107.0,250.0,250.0,250.0,250.0,250.0,250.0,260.0,260.0,260.0,263.0,275.0,275
163,ethylmorphine,,,,1.0,1.0,1.0,1.0,1.0,1.0,3.0,3.0,13.0,13.0,17.0,17.0,17.0,17.0,18.0,18.0,18.0,19.0,19.0,19.0,19.0,19.0,19.0,19.0,29.0,30.0,30.0,30.0,30.0,30.0,30.0,31.0,49.0,49.0,49.0,49.0,49.0,64.0,64.0,64.0,64
164,dipipanone,,,,1.0,1.0,1.0,1.0,1.0,1.0,1.0,1.0,1.0,1.0,1.0,1.0,1.0,1.0,1.0,1.0,1.0,1.0,1.0,5.0,5.0,5.0,5.0,5.0,5.0,5.0,5.0,5.0,5.0,5.0,5.0,7.0,7.0,7.0,7.0,7.0,7.0,7.0,7.0,7.0,7
165,glutathione disulfide,,,,5.0,47.0,47.0,49.0,49.0,111.0,132.0,158.0,158.0,163.0,163.0,166.0,172.0,173.0,181.0,184.0,184.0,184.0,188.0,188.0,195.0,197.0,197.0,201.0,211.0,211.0,230.0,247.0,252.0,272.0,272.0,272.0,276.0,278.0,278.0,280.0,280.0,280.0,288.0,290.0,294
166,fleroxacin,,,,46.0,46.0,53.0,53.0,53.0,53.0,53.0,53.0,54.0,54.0,54.0,58.0,58.0,58.0,61.0,61.0,62.0,63.0,63.0,63.0,63.0,71.0,71.0,71.0,71.0,83.0,83.0,83.0,83.0,83.0,83.0,83.0,83.0,83.0,83.0,83.0,83.0,83.0,83.0,83.0,83
167,lofexidine,,,,14.0,24.0,24.0,24.0,24.0,24.0,24.0,24.0,24.0,24.0,24.0,24.0,24.0,24.0,24.0,24.0,24.0,24.0,24.0,24.0,24.0,24.0,24.0,24.0,24.0,24.0,24.0,25.0,25.0,27.0,27.0,27.0,27.0,27.0,33.0,33.0,33.0,33.0,33.0,33.0,35
168,hymecromone,,,,3.0,3.0,3.0,3.0,3.0,3.0,12.0,12.0,12.0,12.0,12.0,12.0,12.0,12.0,12.0,12.0,12.0,12.0,14.0,14.0,14.0,14.0,14.0,14.0,14.0,14.0,14.0,14.0,14.0,14.0,14.0,14.0,14.0,14.0,14.0,14.0,14.0,14.0,14.0,14.0,14
169,etofenamate,,,,2.0,2.0,2.0,2.0,5.0,5.0,5.0,5.0,8.0,8.0,8.0,10.0,10.0,10.0,10.0,12.0,12.0,13.0,13.0,13.0,16.0,16.0,25.0,26.0,26.0,26.0,32.0,32.0,37.0,37.0,40.0,42.0,66.0,66.0,71.0,78.0,80.0,80.0,81.0,81.0,81
170,technetium tc 99m medronate,,,,3.0,3.0,3.0,3.0,3.0,3.0,3.0,3.0,3.0,3.0,3.0,3.0,3.0,3.0,3.0,3.0,3.0,3.0,3.0,3.0,3.0,3.0,3.0,3.0,3.0,3.0,3.0,3.0,3.0,3.0,3.0,3.0,3.0,3.0,3.0,3.0,6.0,6.0,6.0,6.0,12
171,gallopamil,,,,1.0,2.0,2.0,2.0,2.0,2.0,2.0,2.0,2.0,2.0,2.0,2.0,2.0,2.0,2.0,2.0,2.0,2.0,2.0,2.0,2.0,2.0,2.0,2.0,2.0,2.0,2.0,2.0,2.0,2.0,2.0,2.0,2.0,2.0,2.0,2.0,2.0,2.0,2.0,2.0,2
172,meclocycline,,,,6.0,6.0,6.0,6.0,6.0,6.0,6.0,6.0,6.0,6.0,14.0,14.0,14.0,14.0,14.0,14.0,14.0,14.0,14.0,14.0,14.0,14.0,14.0,14.0,14.0,18.0,18.0,100.0,114.0,114.0,114.0,114.0,114.0,114.0,114.0,114.0,114.0,114.0,114.0,114.0,114
173,bamethan,,,,4.0,4.0,4.0,4.0,4.0,4.0,4.0,4.0,4.0,4.0,4.0,4.0,4.0,4.0,4.0,4.0,4.0,4.0,4.0,4.0,4.0,4.0,4.0,4.0,4.0,4.0,4.0,4.0,4.0,4.0,4.0,4.0,4.0,4.0,4.0,4.0,4.0,4.0,4.0,4.0,4
174,magnesium silicate,,,,15.0,15.0,15.0,18.0,18.0,18.0,18.0,18.0,18.0,18.0,18.0,18.0,18.0,18.0,18.0,18.0,19.0,20.0,20.0,20.0,20.0,25.0,26.0,26.0,28.0,45.0,45.0,46.0,46.0,46.0,46.0,46.0,46.0,46.0,46.0,50.0,50.0,50.0,50.0,60.0,71
175,hexobendine,,,,2.0,2.0,2.0,2.0,2.0,2.0,2.0,2.0,2.0,2.0,2.0,2.0,2.0,2.0,2.0,2.0,2.0,2.0,2.0,2.0,3.0,3.0,3.0,3.0,3.0,3.0,3.0,3.0,3.0,3.0,3.0,3.0,3.0,3.0,3.0,3.0,3.0,3.0,3.0,3.0,3
176,micronomicin,,,,2.0,2.0,2.0,2.0,2.0,2.0,2.0,2.0,2.0,2.0,2.0,2.0,2.0,2.0,2.0,2.0,2.0,2.0,2.0,2.0,2.0,2.0,2.0,2.0,2.0,2.0,2.0,2.0,2.0,2.0,2.0,2.0,2.0,2.0,2.0,2.0,2.0,2.0,2.0,2.0,2
177,trepibutone,,,,20.0,20.0,21.0,21.0,21.0,21.0,21.0,21.0,21.0,21.0,21.0,21.0,54.0,54.0,54.0,72.0,72.0,72.0,72.0,72.0,72.0,72.0,72.0,72.0,72.0,72.0,72.0,72.0,72.0,72.0,72.0,72.0,72.0,72.0,72.0,72.0,72.0,72.0,72.0,72.0,72
178,methandrostenolone,,,,1.0,25.0,25.0,33.0,76.0,76.0,76.0,76.0,76.0,76.0,76.0,76.0,78.0,78.0,78.0,88.0,90.0,90.0,90.0,92.0,92.0,94.0,94.0,94.0,106.0,106.0,106.0,106.0,106.0,113.0,113.0,119.0,143.0,156.0,156.0,156.0,159.0,159.0,159.0,169.0,194
179,meclofenoxate,,,,7.0,14.0,14.0,14.0,14.0,14.0,14.0,14.0,14.0,14.0,15.0,15.0,16.0,16.0,16.0,16.0,16.0,16.0,16.0,18.0,18.0,18.0,18.0,18.0,18.0,18.0,18.0,18.0,18.0,18.0,22.0,31.0,38.0,38.0,39.0,39.0,39.0,42.0,51.0,51.0,51
180,carbromal,,,,3.0,3.0,3.0,3.0,3.0,3.0,4.0,4.0,4.0,4.0,4.0,4.0,4.0,4.0,4.0,4.0,4.0,4.0,5.0,5.0,5.0,5.0,5.0,5.0,5.0,5.0,5.0,5.0,5.0,5.0,5.0,5.0,5.0,5.0,5.0,5.0,5.0,5.0,5.0,5.0,5
181,ethyl salicylate,,,,8.0,8.0,8.0,8.0,8.0,8.0,8.0,8.0,8.0,8.0,8.0,8.0,8.0,8.0,8.0,8.0,8.0,8.0,8.0,8.0,8.0,8.0,8.0,8.0,8.0,8.0,8.0,8.0,8.0,8.0,8.0,8.0,8.0,8.0,8.0,8.0,8.0,8.0,8.0,8.0,8
182,buthiazide,,,,3.0,3.0,3.0,3.0,3.0,3.0,3.0,3.0,3.0,3.0,3.0,3.0,3.0,3.0,3.0,3.0,3.0,3.0,3.0,3.0,3.0,3.0,3.0,3.0,3.0,3.0,3.0,3.0,3.0,3.0,3.0,3.0,3.0,3.0,3.0,3.0,3.0,3.0,3.0,3.0,3
183,potassium iodate,,,,14.0,14.0,14.0,14.0,14.0,14.0,14.0,14.0,14.0,15.0,15.0,15.0,15.0,15.0,15.0,15.0,15.0,15.0,15.0,15.0,15.0,15.0,20.0,20.0,20.0,20.0,20.0,20.0,20.0,20.0,20.0,20.0,20.0,20.0,20.0,20.0,20.0,20.0,20.0,33.0,33
184,medrysone,,,,,12.0,12.0,12.0,12.0,12.0,12.0,12.0,12.0,12.0,12.0,12.0,12.0,12.0,12.0,12.0,12.0,12.0,12.0,12.0,12.0,12.0,12.0,12.0,12.0,12.0,12.0,12.0,12.0,12.0,12.0,12.0,12.0,12.0,12.0,34.0,34.0,34.0,34.0,34.0,34
185,mecamylamine,,,,,2.0,2.0,2.0,2.0,2.0,2.0,2.0,2.0,2.0,2.0,2.0,2.0,2.0,2.0,2.0,2.0,2.0,2.0,2.0,2.0,2.0,2.0,2.0,2.0,2.0,2.0,2.0,2.0,2.0,2.0,2.0,2.0,2.0,2.0,2.0,6.0,6.0,16.0,16.0,16
186,methdilazine,,,,,4.0,10.0,10.0,10.0,10.0,10.0,10.0,10.0,13.0,13.0,13.0,13.0,13.0,13.0,13.0,13.0,13.0,13.0,13.0,13.0,13.0,13.0,13.0,13.0,13.0,13.0,13.0,13.0,13.0,13.0,13.0,13.0,13.0,13.0,13.0,13.0,13.0,13.0,19.0,19
187,dextromoramide,,,,,2.0,11.0,11.0,11.0,11.0,11.0,15.0,15.0,19.0,19.0,20.0,20.0,20.0,21.0,21.0,23.0,23.0,23.0,23.0,23.0,30.0,30.0,30.0,32.0,38.0,42.0,62.0,67.0,71.0,71.0,71.0,71.0,71.0,71.0,71.0,71.0,71.0,71.0,71.0,71
188,ketazolam,,,,,1.0,1.0,1.0,1.0,15.0,15.0,15.0,15.0,15.0,15.0,15.0,15.0,15.0,34.0,34.0,34.0,34.0,41.0,41.0,41.0,41.0,44.0,44.0,49.0,53.0,53.0,53.0,55.0,55.0,55.0,55.0,59.0,59.0,63.0,68.0,69.0,69.0,69.0,72.0,72
189,gallium nitrate,,,,,2.0,6.0,6.0,59.0,59.0,59.0,59.0,59.0,70.0,70.0,70.0,70.0,70.0,70.0,70.0,70.0,70.0,70.0,70.0,70.0,70.0,70.0,70.0,70.0,70.0,70.0,70.0,70.0,70.0,78.0,78.0,90.0,90.0,90.0,90.0,90.0,90.0,90.0,90.0,90
190,apazone,,,,,6.0,6.0,6.0,6.0,6.0,6.0,6.0,6.0,6.0,6.0,6.0,6.0,6.0,6.0,6.0,6.0,6.0,6.0,6.0,6.0,6.0,6.0,6.0,6.0,6.0,6.0,6.0,6.0,6.0,6.0,7.0,7.0,7.0,7.0,7.0,7.0,7.0,7.0,7.0,7
191,isoconazole,,,,,5.0,5.0,5.0,5.0,5.0,5.0,5.0,5.0,7.0,7.0,7.0,9.0,11.0,11.0,15.0,15.0,15.0,16.0,16.0,28.0,32.0,51.0,55.0,55.0,55.0,55.0,55.0,56.0,56.0,59.0,59.0,59.0,59.0,59.0,59.0,59.0,61.0,68.0,68.0,70
192,flumequine,,,,,2.0,2.0,2.0,2.0,2.0,2.0,2.0,2.0,2.0,2.0,2.0,2.0,2.0,2.0,2.0,2.0,2.0,2.0,2.0,2.0,2.0,2.0,2.0,2.0,2.0,2.0,2.0,2.0,2.0,2.0,2.0,2.0,2.0,2.0,2.0,2.0,2.0,2.0,2.0,2
193,fenbufen,,,,,3.0,4.0,4.0,5.0,14.0,14.0,14.0,14.0,14.0,14.0,15.0,17.0,17.0,17.0,17.0,17.0,17.0,17.0,17.0,17.0,20.0,20.0,20.0,20.0,20.0,20.0,20.0,20.0,20.0,20.0,20.0,20.0,20.0,20.0,20.0,20.0,20.0,20.0,20.0,20
194,dexetimide,,,,,32.0,47.0,47.0,47.0,47.0,47.0,47.0,47.0,47.0,47.0,47.0,47.0,47.0,47.0,47.0,47.0,47.0,47.0,47.0,50.0,92.0,92.0,92.0,92.0,92.0,92.0,94.0,94.0,94.0,94.0,94.0,94.0,94.0,94.0,94.0,94.0,94.0,94.0,94.0,94
195,copper gluconate,,,,,1.0,1.0,1.0,1.0,1.0,1.0,1.0,1.0,1.0,1.0,1.0,1.0,1.0,1.0,1.0,1.0,1.0,3.0,3.0,3.0,3.0,23.0,23.0,23.0,26.0,26.0,26.0,26.0,26.0,26.0,26.0,28.0,28.0,28.0,28.0,28.0,28.0,28.0,31.0,31
196,xylazine,,,,,23.0,23.0,23.0,23.0,23.0,23.0,23.0,23.0,23.0,23.0,23.0,23.0,23.0,39.0,39.0,39.0,39.0,48.0,48.0,48.0,48.0,48.0,48.0,48.0,48.0,48.0,48.0,48.0,48.0,48.0,48.0,48.0,48.0,54.0,54.0,54.0,54.0,54.0,54.0,54
197,saccharin,,,,,1.0,1.0,1.0,1.0,1.0,1.0,1.0,5.0,5.0,5.0,5.0,5.0,5.0,5.0,5.0,5.0,5.0,5.0,5.0,5.0,6.0,10.0,10.0,10.0,10.0,10.0,10.0,19.0,19.0,19.0,19.0,19.0,21.0,21.0,21.0,21.0,21.0,21.0,233.0,234
198,arginine glutamate,,,,,19.0,19.0,19.0,19.0,19.0,19.0,19.0,25.0,25.0,25.0,25.0,25.0,27.0,27.0,27.0,27.0,27.0,27.0,27.0,27.0,27.0,27.0,27.0,27.0,27.0,27.0,27.0,27.0,27.0,27.0,27.0,28.0,28.0,28.0,28.0,28.0,28.0,28.0,28.0,28
199,bismuth subnitrate,,,,,1.0,1.0,1.0,1.0,1.0,1.0,1.0,1.0,1.0,3.0,3.0,3.0,3.0,3.0,12.0,12.0,13.0,13.0,15.0,15.0,15.0,16.0,16.0,16.0,16.0,16.0,16.0,16.0,16.0,16.0,16.0,16.0,47.0,47.0,47.0,47.0,48.0,48.0,48.0,48
200,chlorproethazine,,,,,5.0,5.0,5.0,5.0,5.0,5.0,5.0,5.0,5.0,5.0,5.0,5.0,5.0,5.0,5.0,5.0,5.0,5.0,5.0,5.0,5.0,5.0,5.0,5.0,5.0,5.0,5.0,5.0,5.0,5.0,5.0,5.0,5.0,5.0,5.0,5.0,5.0,5.0,5.0,5
201,emepronium,,,,,9.0,9.0,9.0,9.0,9.0,9.0,9.0,9.0,9.0,9.0,9.0,12.0,12.0,12.0,12.0,12.0,15.0,15.0,15.0,20.0,20.0,20.0,20.0,20.0,20.0,20.0,20.0,20.0,20.0,20.0,20.0,29.0,29.0,41.0,41.0,41.0,41.0,41.0,41.0,41
202,iprazochrome,,,,,29.0,29.0,29.0,29.0,29.0,29.0,29.0,29.0,29.0,29.0,29.0,29.0,29.0,29.0,29.0,29.0,29.0,29.0,29.0,29.0,29.0,29.0,29.0,29.0,29.0,29.0,29.0,29.0,29.0,29.0,29.0,29.0,29.0,29.0,29.0,29.0,29.0,29.0,29.0,29
203,sulfamethoxypyridazine,,,,,18.0,18.0,18.0,18.0,18.0,18.0,18.0,18.0,20.0,20.0,20.0,20.0,20.0,20.0,20.0,20.0,20.0,20.0,20.0,20.0,21.0,21.0,21.0,21.0,21.0,25.0,25.0,25.0,33.0,33.0,33.0,36.0,36.0,36.0,38.0,38.0,38.0,38.0,38.0,38
204,tertatolol,,,,,5.0,5.0,5.0,5.0,5.0,5.0,5.0,5.0,5.0,5.0,5.0,5.0,5.0,5.0,5.0,5.0,5.0,5.0,5.0,5.0,5.0,5.0,5.0,5.0,5.0,5.0,5.0,5.0,5.0,5.0,5.0,5.0,5.0,5.0,5.0,5.0,5.0,5.0,5.0,5
205,vanadium,,,,,1.0,1.0,1.0,1.0,1.0,1.0,1.0,1.0,1.0,1.0,1.0,1.0,1.0,1.0,1.0,1.0,1.0,1.0,3.0,3.0,3.0,3.0,3.0,3.0,3.0,3.0,3.0,3.0,3.0,3.0,3.0,3.0,3.0,3.0,3.0,3.0,3.0,3.0,3.0,9
206,diatrizoic acid,,,,,,5.0,5.0,5.0,5.0,5.0,5.0,5.0,5.0,5.0,5.0,5.0,5.0,5.0,5.0,5.0,5.0,5.0,5.0,5.0,5.0,5.0,5.0,27.0,27.0,27.0,27.0,27.0,27.0,27.0,27.0,27.0,27.0,32.0,32.0,32.0,32.0,32.0,32.0,32
207,monobenzone,,,,,,23.0,23.0,23.0,23.0,23.0,23.0,23.0,23.0,23.0,23.0,23.0,23.0,23.0,23.0,23.0,23.0,23.0,23.0,23.0,23.0,23.0,23.0,23.0,23.0,23.0,23.0,23.0,23.0,23.0,23.0,23.0,23.0,23.0,23.0,23.0,23.0,23.0,23.0,23
208,amodiaquine,,,,,,1.0,1.0,1.0,1.0,1.0,1.0,1.0,1.0,3.0,4.0,12.0,12.0,12.0,12.0,26.0,41.0,50.0,51.0,51.0,51.0,52.0,52.0,52.0,52.0,52.0,52.0,52.0,52.0,52.0,52.0,52.0,52.0,58.0,58.0,58.0,65.0,66.0,66.0,66
209,ceforanide,,,,,,2.0,2.0,2.0,2.0,2.0,2.0,2.0,2.0,2.0,2.0,2.0,2.0,2.0,2.0,2.0,2.0,2.0,2.0,2.0,2.0,2.0,2.0,2.0,2.0,2.0,2.0,2.0,2.0,2.0,2.0,2.0,2.0,2.0,2.0,2.0,2.0,2.0,2.0,2
210,acetophenazine,,,,,,1.0,1.0,1.0,1.0,1.0,1.0,1.0,1.0,1.0,1.0,1.0,1.0,1.0,1.0,1.0,1.0,1.0,1.0,1.0,1.0,1.0,5.0,5.0,5.0,5.0,5.0,5.0,5.0,5.0,5.0,5.0,5.0,5.0,5.0,5.0,5.0,5.0,5.0,6
211,aminoquinuride,,,,,,29.0,29.0,29.0,29.0,29.0,29.0,29.0,29.0,29.0,29.0,29.0,29.0,29.0,29.0,29.0,29.0,29.0,29.0,29.0,29.0,29.0,29.0,29.0,29.0,29.0,29.0,29.0,29.0,29.0,29.0,29.0,29.0,29.0,29.0,29.0,29.0,29.0,29.0,29
212,iproniazid,,,,,,6.0,6.0,6.0,6.0,6.0,6.0,6.0,6.0,6.0,6.0,6.0,7.0,7.0,7.0,7.0,7.0,7.0,7.0,11.0,11.0,11.0,11.0,15.0,16.0,16.0,16.0,16.0,19.0,19.0,19.0,20.0,20.0,20.0,20.0,20.0,20.0,50.0,51.0,58
213,thiamphenicol,,,,,,5.0,19.0,19.0,19.0,21.0,21.0,21.0,21.0,21.0,21.0,21.0,21.0,21.0,21.0,21.0,24.0,24.0,24.0,24.0,38.0,38.0,47.0,60.0,60.0,60.0,60.0,60.0,60.0,60.0,60.0,60.0,60.0,61.0,62.0,69.0,72.0,76.0,76.0,76
214,glibornuride,,,,,,12.0,29.0,29.0,29.0,29.0,29.0,29.0,29.0,29.0,29.0,29.0,29.0,29.0,31.0,31.0,35.0,35.0,35.0,35.0,35.0,35.0,39.0,39.0,39.0,39.0,39.0,39.0,39.0,39.0,39.0,39.0,39.0,40.0,40.0,40.0,40.0,40.0,40.0,40
215,etofibrate,,,,,,5.0,5.0,8.0,8.0,8.0,8.0,8.0,8.0,8.0,8.0,8.0,8.0,8.0,9.0,9.0,9.0,9.0,9.0,9.0,9.0,9.0,9.0,9.0,9.0,9.0,9.0,9.0,9.0,9.0,9.0,9.0,9.0,9.0,9.0,9.0,9.0,9.0,9.0,9
216,helium,,,,,,1.0,1.0,1.0,1.0,1.0,1.0,1.0,1.0,1.0,1.0,2.0,2.0,2.0,2.0,2.0,2.0,2.0,2.0,2.0,2.0,2.0,2.0,2.0,2.0,2.0,2.0,2.0,2.0,2.0,2.0,2.0,2.0,4.0,6.0,6.0,15.0,27.0,27.0,28
217,tolfenamic acid,,,,,,10.0,10.0,13.0,13.0,14.0,14.0,14.0,14.0,14.0,17.0,17.0,17.0,46.0,46.0,46.0,46.0,46.0,52.0,52.0,52.0,52.0,53.0,53.0,56.0,56.0,56.0,56.0,74.0,74.0,74.0,81.0,81.0,81.0,81.0,82.0,82.0,82.0,82.0,100
218,talniflumate,,,,,,3.0,3.0,3.0,3.0,3.0,3.0,3.0,3.0,3.0,3.0,3.0,5.0,5.0,5.0,5.0,5.0,5.0,13.0,15.0,18.0,18.0,18.0,21.0,22.0,22.0,22.0,22.0,23.0,23.0,23.0,30.0,30.0,30.0,31.0,31.0,31.0,31.0,36.0,36
219,mequinol,,,,,,3.0,3.0,7.0,7.0,7.0,7.0,7.0,7.0,9.0,9.0,9.0,19.0,28.0,28.0,29.0,29.0,30.0,30.0,34.0,52.0,52.0,52.0,52.0,52.0,52.0,52.0,52.0,52.0,52.0,52.0,52.0,52.0,52.0,52.0,52.0,52.0,52.0,52.0,52
220,moxidectin,,,,,,5.0,5.0,5.0,5.0,5.0,5.0,5.0,5.0,5.0,5.0,5.0,5.0,5.0,5.0,5.0,5.0,5.0,5.0,5.0,5.0,5.0,5.0,5.0,5.0,5.0,5.0,5.0,5.0,5.0,5.0,5.0,5.0,5.0,5.0,5.0,5.0,5.0,5.0,5
221,virginiamycin,,,,,,4.0,4.0,4.0,4.0,4.0,4.0,4.0,4.0,4.0,4.0,4.0,4.0,4.0,4.0,4.0,4.0,4.0,4.0,4.0,4.0,4.0,4.0,4.0,4.0,4.0,4.0,4.0,4.0,4.0,4.0,4.0,4.0,4.0,4.0,4.0,4.0,4.0,4.0,4
222,ferric oxide,,,,,,3.0,3.0,3.0,3.0,3.0,3.0,3.0,3.0,3.0,3.0,3.0,3.0,3.0,3.0,3.0,3.0,3.0,3.0,3.0,3.0,3.0,3.0,3.0,5.0,5.0,5.0,5.0,5.0,5.0,5.0,18.0,18.0,18.0,18.0,18.0,18.0,18.0,18.0,19
223,oxilofrine,,,,,,12.0,12.0,12.0,12.0,12.0,19.0,19.0,19.0,19.0,19.0,19.0,19.0,19.0,19.0,19.0,19.0,19.0,19.0,19.0,19.0,19.0,19.0,19.0,19.0,19.0,19.0,19.0,19.0,19.0,19.0,19.0,19.0,19.0,19.0,19.0,19.0,19.0,19.0,19
224,dehydrocholate,,,,,,3.0,3.0,3.0,3.0,3.0,3.0,3.0,3.0,3.0,3.0,3.0,3.0,3.0,3.0,3.0,3.0,3.0,3.0,3.0,5.0,5.0,5.0,5.0,5.0,5.0,5.0,10.0,10.0,10.0,10.0,10.0,10.0,10.0,10.0,10.0,10.0,10.0,10.0,10
225,secnidazole,,,,,,3.0,3.0,3.0,3.0,3.0,6.0,6.0,6.0,6.0,6.0,9.0,10.0,10.0,10.0,10.0,10.0,10.0,10.0,10.0,10.0,10.0,15.0,15.0,15.0,15.0,15.0,27.0,34.0,40.0,40.0,40.0,40.0,40.0,46.0,57.0,57.0,57.0,57.0,57
226,proglumetacin,,,,,,4.0,4.0,18.0,18.0,19.0,19.0,22.0,22.0,22.0,22.0,22.0,22.0,22.0,22.0,25.0,25.0,36.0,36.0,36.0,36.0,37.0,37.0,37.0,37.0,37.0,37.0,37.0,37.0,37.0,37.0,37.0,37.0,37.0,37.0,37.0,37.0,37.0,37.0,37
227,nikethamide,,,,,,6.0,11.0,11.0,11.0,11.0,11.0,11.0,11.0,11.0,11.0,11.0,11.0,19.0,19.0,19.0,19.0,22.0,22.0,24.0,24.0,24.0,24.0,24.0,24.0,25.0,25.0,25.0,25.0,25.0,25.0,27.0,27.0,27.0,27.0,27.0,27.0,30.0,30.0,41
228,niaprazine,,,,,,9.0,10.0,10.0,10.0,10.0,10.0,10.0,10.0,10.0,10.0,10.0,10.0,10.0,10.0,10.0,10.0,10.0,10.0,11.0,11.0,13.0,13.0,13.0,13.0,13.0,13.0,13.0,13.0,21.0,21.0,22.0,22.0,27.0,31.0,31.0,31.0,32.0,32.0,32
229,sulfaguanidine,,,,,,4.0,4.0,4.0,6.0,6.0,6.0,6.0,6.0,6.0,6.0,6.0,6.0,6.0,6.0,6.0,6.0,6.0,6.0,6.0,6.0,6.0,6.0,6.0,6.0,6.0,6.0,6.0,6.0,6.0,6.0,6.0,6.0,6.0,6.0,6.0,6.0,6.0,6.0,6
230,azintamide,,,,,,3.0,3.0,3.0,3.0,3.0,3.0,3.0,3.0,3.0,3.0,3.0,3.0,3.0,3.0,3.0,3.0,3.0,3.0,3.0,3.0,3.0,3.0,3.0,3.0,3.0,12.0,12.0,12.0,12.0,12.0,12.0,14.0,14.0,14.0,14.0,14.0,14.0,14.0,14
231,paramethadione,,,,,,,5.0,5.0,5.0,5.0,5.0,5.0,5.0,5.0,5.0,5.0,5.0,5.0,5.0,5.0,5.0,5.0,5.0,5.0,5.0,5.0,5.0,5.0,5.0,5.0,5.0,5.0,5.0,5.0,5.0,5.0,5.0,5.0,5.0,5.0,5.0,5.0,5.0,5
232,tocainide,,,,,,,7.0,7.0,7.0,7.0,7.0,7.0,7.0,7.0,7.0,7.0,7.0,7.0,16.0,16.0,16.0,16.0,16.0,16.0,16.0,16.0,25.0,25.0,25.0,25.0,41.0,41.0,41.0,41.0,41.0,41.0,41.0,41.0,42.0,42.0,43.0,43.0,57.0,57
233,trimetrexate,,,,,,,26.0,26.0,26.0,26.0,26.0,26.0,26.0,26.0,26.0,26.0,26.0,26.0,26.0,26.0,26.0,26.0,26.0,26.0,26.0,26.0,31.0,33.0,33.0,33.0,33.0,33.0,33.0,33.0,33.0,33.0,33.0,33.0,33.0,33.0,37.0,37.0,37.0,37
234,nitroxoline,,,,,,,16.0,31.0,31.0,31.0,31.0,31.0,31.0,31.0,31.0,34.0,34.0,34.0,34.0,34.0,34.0,34.0,34.0,34.0,34.0,34.0,36.0,36.0,37.0,37.0,37.0,37.0,37.0,37.0,37.0,37.0,37.0,37.0,37.0,37.0,37.0,51.0,51.0,52
235,glutethimide,,,,,,,5.0,5.0,5.0,5.0,5.0,5.0,5.0,5.0,5.0,5.0,5.0,5.0,7.0,7.0,7.0,7.0,7.0,7.0,7.0,7.0,7.0,7.0,7.0,7.0,7.0,7.0,7.0,7.0,7.0,7.0,7.0,7.0,7.0,7.0,7.0,7.0,7.0,12
236,amyl nitrite,,,,,,,9.0,9.0,9.0,9.0,12.0,12.0,12.0,13.0,13.0,15.0,15.0,15.0,15.0,17.0,17.0,17.0,17.0,21.0,21.0,21.0,21.0,23.0,23.0,23.0,23.0,34.0,34.0,34.0,34.0,35.0,35.0,35.0,35.0,35.0,37.0,37.0,37.0,37
237,uridine,,,,,,,20.0,20.0,32.0,35.0,35.0,35.0,35.0,35.0,35.0,35.0,35.0,35.0,35.0,35.0,35.0,35.0,36.0,36.0,36.0,36.0,36.0,36.0,36.0,36.0,36.0,36.0,36.0,36.0,36.0,36.0,39.0,39.0,39.0,39.0,39.0,39.0,39.0,39
238,sulfadimethoxine,,,,,,,1.0,1.0,1.0,1.0,1.0,1.0,1.0,1.0,1.0,1.0,1.0,1.0,1.0,1.0,1.0,1.0,1.0,1.0,1.0,1.0,1.0,1.0,3.0,3.0,3.0,6.0,6.0,6.0,6.0,6.0,6.0,6.0,6.0,6.0,6.0,6.0,6.0,6
239,chlorcyclizine,,,,,,,10.0,10.0,24.0,24.0,24.0,24.0,24.0,25.0,25.0,25.0,25.0,25.0,25.0,25.0,25.0,25.0,25.0,25.0,25.0,25.0,25.0,25.0,25.0,25.0,29.0,29.0,29.0,29.0,29.0,29.0,29.0,29.0,29.0,30.0,30.0,30.0,30.0,30
240,chlorine,,,,,,,5.0,5.0,5.0,5.0,5.0,5.0,5.0,5.0,5.0,5.0,5.0,12.0,12.0,12.0,12.0,12.0,12.0,12.0,25.0,25.0,25.0,25.0,25.0,25.0,25.0,25.0,25.0,25.0,25.0,26.0,30.0,30.0,30.0,30.0,30.0,30.0,32.0,38
241,undecylenate,,,,,,,5.0,5.0,5.0,5.0,5.0,5.0,5.0,5.0,12.0,12.0,12.0,12.0,12.0,12.0,12.0,12.0,12.0,12.0,12.0,12.0,15.0,15.0,15.0,15.0,15.0,15.0,15.0,15.0,18.0,18.0,19.0,19.0,19.0,19.0,20.0,42.0,48.0,48
242,"camphor, (-)-",,,,,,,6.0,6.0,9.0,9.0,9.0,9.0,9.0,9.0,9.0,9.0,9.0,9.0,9.0,9.0,13.0,28.0,28.0,34.0,34.0,66.0,66.0,66.0,85.0,85.0,85.0,87.0,87.0,87.0,87.0,87.0,91.0,91.0,91.0,91.0,91.0,91.0,91.0,91
243,deslorelin,,,,,,,3.0,3.0,3.0,3.0,3.0,3.0,3.0,3.0,3.0,3.0,3.0,3.0,3.0,3.0,3.0,3.0,3.0,3.0,3.0,3.0,3.0,3.0,3.0,3.0,3.0,3.0,3.0,3.0,3.0,3.0,3.0,3.0,3.0,3.0,3.0,3.0,3.0,3
244,toluene,,,,,,,5.0,5.0,5.0,5.0,5.0,5.0,5.0,5.0,5.0,5.0,5.0,5.0,5.0,5.0,5.0,6.0,6.0,6.0,6.0,6.0,6.0,6.0,6.0,6.0,6.0,6.0,7.0,7.0,7.0,7.0,7.0,7.0,7.0,7.0,7.0,7.0,7.0,7
245,nimorazole,,,,,,,11.0,11.0,11.0,11.0,11.0,16.0,16.0,16.0,16.0,16.0,16.0,16.0,16.0,16.0,16.0,16.0,16.0,16.0,16.0,16.0,16.0,16.0,16.0,16.0,16.0,16.0,16.0,16.0,16.0,16.0,16.0,16.0,16.0,16.0,16.0,16.0,16.0,16
246,sisomicin,,,,,,,10.0,10.0,10.0,10.0,10.0,10.0,10.0,10.0,10.0,10.0,10.0,10.0,10.0,10.0,10.0,10.0,10.0,10.0,30.0,30.0,30.0,30.0,30.0,37.0,37.0,37.0,37.0,37.0,37.0,37.0,37.0,37.0,37.0,37.0,37.0,37.0,37.0,37
247,theodrenaline,,,,,,,23.0,23.0,23.0,23.0,24.0,26.0,26.0,26.0,26.0,26.0,26.0,26.0,26.0,26.0,30.0,30.0,30.0,30.0,30.0,30.0,30.0,30.0,30.0,30.0,30.0,30.0,30.0,30.0,30.0,30.0,30.0,30.0,30.0,30.0,30.0,30.0,30.0,30
248,ambroxol-theophylline-7-acetate,,,,,,,4.0,4.0,4.0,4.0,4.0,4.0,4.0,4.0,4.0,4.0,4.0,4.0,9.0,9.0,15.0,21.0,21.0,21.0,29.0,38.0,38.0,38.0,39.0,39.0,39.0,42.0,42.0,42.0,42.0,42.0,42.0,42.0,42.0,42.0,42.0,42.0,42.0,42
249,sodium lauryl sulfoacetate,,,,,,,19.0,19.0,19.0,19.0,19.0,19.0,19.0,19.0,19.0,19.0,19.0,19.0,19.0,19.0,19.0,19.0,19.0,19.0,19.0,19.0,19.0,19.0,19.0,19.0,19.0,19.0,19.0,19.0,19.0,19.0,19.0,19.0,19.0,19.0,19.0,19.0,19.0,19
250,alphaprodine,,,,,,,5.0,5.0,5.0,5.0,5.0,5.0,5.0,5.0,5.0,5.0,5.0,5.0,5.0,5.0,5.0,5.0,5.0,5.0,5.0,5.0,5.0,5.0,5.0,5.0,5.0,5.0,5.0,5.0,5.0,5.0,5.0,5.0,5.0,5.0,5.0,5.0,5.0,5
251,idrocilamide,,,,,,,1.0,1.0,17.0,17.0,17.0,17.0,17.0,17.0,17.0,17.0,17.0,17.0,17.0,17.0,17.0,17.0,17.0,17.0,19.0,19.0,19.0,19.0,19.0,19.0,19.0,19.0,19.0,19.0,19.0,21.0,21.0,21.0,21.0,21.0,21.0,21.0,21.0,21
252,alminoprofen,,,,,,,16.0,16.0,16.0,16.0,16.0,16.0,16.0,16.0,16.0,16.0,16.0,16.0,16.0,16.0,16.0,29.0,29.0,29.0,29.0,29.0,29.0,29.0,29.0,29.0,29.0,29.0,29.0,29.0,29.0,29.0,29.0,29.0,29.0,29.0,29.0,29.0,29.0,29
253,dibrompropamidine,,,,,,,4.0,4.0,4.0,4.0,4.0,4.0,4.0,4.0,4.0,4.0,4.0,4.0,4.0,4.0,4.0,4.0,4.0,4.0,4.0,4.0,4.0,6.0,6.0,6.0,6.0,6.0,6.0,6.0,6.0,6.0,6.0,6.0,6.0,6.0,6.0,6.0,6.0,6
254,benzoxonium,,,,,,,4.0,4.0,4.0,4.0,4.0,4.0,4.0,4.0,4.0,4.0,4.0,4.0,4.0,4.0,4.0,4.0,4.0,4.0,4.0,4.0,4.0,4.0,4.0,4.0,4.0,4.0,4.0,4.0,4.0,4.0,4.0,4.0,4.0,4.0,4.0,4.0,4.0,4
255,histidine,,,,,,,,7.0,7.0,7.0,7.0,7.0,7.0,7.0,7.0,7.0,7.0,7.0,7.0,7.0,8.0,8.0,8.0,8.0,8.0,8.0,8.0,8.0,11.0,11.0,12.0,12.0,12.0,12.0,12.0,12.0,12.0,12.0,12.0,12.0,12.0,12.0,12.0,12
256,ethotoin,,,,,,,,3.0,10.0,10.0,12.0,12.0,12.0,12.0,12.0,12.0,12.0,12.0,15.0,15.0,15.0,18.0,18.0,20.0,20.0,20.0,37.0,37.0,37.0,37.0,37.0,42.0,87.0,87.0,87.0,87.0,90.0,90.0,90.0,101.0,101.0,101.0,101.0,101
257,oxamniquine,,,,,,,,5.0,12.0,12.0,12.0,12.0,12.0,12.0,12.0,12.0,12.0,12.0,12.0,12.0,12.0,18.0,18.0,18.0,18.0,18.0,18.0,18.0,18.0,18.0,18.0,18.0,18.0,18.0,20.0,20.0,20.0,20.0,21.0,21.0,21.0,21.0,21.0,21
258,chloral betaine,,,,,,,,1.0,1.0,1.0,1.0,1.0,1.0,1.0,1.0,1.0,1.0,1.0,1.0,1.0,1.0,1.0,1.0,1.0,1.0,1.0,1.0,1.0,1.0,1.0,1.0,1.0,1.0,1.0,1.0,1.0,1.0,1.0,1.0,1.0,1.0,1.0,1.0,1
259,fendiline,,,,,,,,11.0,11.0,11.0,11.0,11.0,11.0,11.0,11.0,11.0,11.0,11.0,11.0,11.0,11.0,11.0,11.0,11.0,11.0,11.0,11.0,11.0,11.0,11.0,11.0,11.0,11.0,11.0,11.0,11.0,11.0,11.0,11.0,11.0,11.0,11.0,11.0,11
260,ferric sulfate,,,,,,,,3.0,27.0,44.0,44.0,44.0,44.0,44.0,45.0,47.0,47.0,47.0,47.0,49.0,49.0,51.0,51.0,51.0,51.0,51.0,56.0,56.0,56.0,56.0,56.0,56.0,56.0,56.0,56.0,56.0,60.0,60.0,63.0,63.0,63.0,63.0,63.0,63
261,monensin,,,,,,,,2.0,2.0,2.0,2.0,2.0,2.0,2.0,2.0,2.0,2.0,2.0,2.0,2.0,2.0,2.0,2.0,2.0,2.0,2.0,2.0,2.0,2.0,2.0,2.0,2.0,2.0,2.0,2.0,2.0,2.0,2.0,2.0,2.0,2.0,2.0,2.0,2
262,cyclofenil,,,,,,,,3.0,3.0,3.0,3.0,3.0,3.0,3.0,3.0,3.0,3.0,3.0,3.0,3.0,4.0,8.0,8.0,8.0,8.0,8.0,8.0,8.0,8.0,8.0,8.0,8.0,8.0,8.0,8.0,8.0,8.0,8.0,8.0,8.0,8.0,8.0,12.0,12
263,ferrous chloride,,,,,,,,4.0,4.0,4.0,4.0,4.0,4.0,7.0,7.0,7.0,7.0,7.0,7.0,7.0,7.0,7.0,7.0,7.0,7.0,7.0,7.0,7.0,7.0,7.0,7.0,7.0,9.0,9.0,9.0,9.0,9.0,9.0,9.0,9.0,9.0,10.0,17.0,17
264,anethole,,,,,,,,4.0,4.0,17.0,19.0,19.0,19.0,20.0,20.0,20.0,20.0,20.0,20.0,20.0,20.0,20.0,20.0,20.0,20.0,20.0,20.0,20.0,20.0,20.0,20.0,20.0,20.0,20.0,20.0,20.0,20.0,20.0,20.0,20.0,20.0,20.0,20.0,20
265,moricizine,,,,,,,,,14.0,22.0,22.0,22.0,22.0,26.0,26.0,29.0,29.0,29.0,32.0,35.0,35.0,37.0,37.0,41.0,41.0,41.0,41.0,41.0,41.0,41.0,41.0,41.0,41.0,179.0,179.0,179.0,179.0,179.0,179.0,179.0,179.0,179.0,179.0,179
266,phenacemide,,,,,,,,,37.0,37.0,37.0,37.0,37.0,37.0,37.0,37.0,37.0,37.0,37.0,37.0,37.0,37.0,37.0,37.0,37.0,37.0,37.0,37.0,37.0,37.0,37.0,37.0,58.0,58.0,58.0,58.0,58.0,58.0,58.0,58.0,58.0,58.0,58.0,58
267,proflavine,,,,,,,,,8.0,8.0,8.0,8.0,8.0,8.0,8.0,8.0,8.0,8.0,8.0,8.0,8.0,8.0,8.0,8.0,8.0,8.0,8.0,8.0,8.0,8.0,8.0,8.0,8.0,8.0,8.0,8.0,8.0,8.0,8.0,8.0,8.0,9.0,9.0,9
268,guanine,,,,,,,,,33.0,33.0,33.0,33.0,33.0,33.0,33.0,33.0,33.0,33.0,33.0,33.0,33.0,33.0,33.0,33.0,33.0,33.0,33.0,33.0,33.0,33.0,33.0,33.0,33.0,33.0,33.0,33.0,33.0,33.0,33.0,33.0,33.0,33.0,33.0,33
269,formestane,,,,,,,,,3.0,3.0,3.0,3.0,3.0,3.0,4.0,4.0,4.0,4.0,4.0,4.0,4.0,7.0,7.0,7.0,7.0,7.0,7.0,7.0,7.0,7.0,7.0,7.0,7.0,7.0,7.0,7.0,7.0,7.0,7.0,7.0,7.0,7.0,7.0,7
270,fluprednidene,,,,,,,,,10.0,10.0,10.0,10.0,10.0,10.0,10.0,10.0,10.0,10.0,10.0,10.0,10.0,10.0,10.0,10.0,10.0,10.0,10.0,10.0,11.0,12.0,12.0,12.0,12.0,12.0,12.0,12.0,12.0,12.0,12.0,13.0,13.0,13.0,13.0,15
271,selenomethionine se 75,,,,,,,,,2.0,2.0,2.0,2.0,2.0,2.0,2.0,2.0,2.0,2.0,2.0,2.0,2.0,2.0,2.0,2.0,2.0,2.0,2.0,2.0,2.0,2.0,2.0,2.0,2.0,2.0,2.0,2.0,2.0,2.0,2.0,2.0,2.0,2.0,2.0,2
272,sodium hydroxide,,,,,,,,,9.0,9.0,9.0,9.0,9.0,9.0,9.0,9.0,18.0,18.0,18.0,24.0,58.0,58.0,58.0,58.0,63.0,63.0,63.0,63.0,63.0,63.0,63.0,63.0,63.0,63.0,63.0,63.0,79.0,79.0,79.0,79.0,83.0,84.0,84.0,84
273,thimerosal,,,,,,,,,31.0,63.0,63.0,63.0,63.0,63.0,63.0,63.0,63.0,63.0,63.0,63.0,63.0,63.0,63.0,63.0,63.0,63.0,63.0,63.0,67.0,67.0,67.0,76.0,76.0,76.0,77.0,77.0,77.0,83.0,83.0,83.0,117.0,119.0,119.0,120
274,indium-111,,,,,,,,,11.0,11.0,11.0,11.0,11.0,11.0,11.0,11.0,11.0,11.0,11.0,11.0,11.0,11.0,11.0,11.0,11.0,11.0,11.0,11.0,11.0,11.0,11.0,11.0,11.0,11.0,11.0,11.0,11.0,11.0,11.0,11.0,11.0,11.0,11.0,11
275,temocillin,,,,,,,,,14.0,14.0,14.0,14.0,14.0,14.0,14.0,14.0,21.0,21.0,21.0,21.0,21.0,21.0,21.0,21.0,21.0,21.0,21.0,21.0,21.0,21.0,21.0,21.0,23.0,23.0,23.0,23.0,23.0,23.0,23.0,23.0,30.0,30.0,32.0,35
276,ketanserin,,,,,,,,,14.0,14.0,14.0,14.0,14.0,14.0,14.0,17.0,17.0,17.0,17.0,17.0,17.0,17.0,17.0,17.0,17.0,17.0,17.0,17.0,17.0,17.0,17.0,17.0,17.0,17.0,17.0,17.0,17.0,17.0,17.0,20.0,20.0,26.0,26.0,26
277,trofosfamide,,,,,,,,,6.0,6.0,6.0,6.0,6.0,6.0,6.0,6.0,6.0,6.0,6.0,6.0,6.0,6.0,6.0,6.0,6.0,6.0,6.0,9.0,9.0,9.0,12.0,12.0,12.0,14.0,14.0,14.0,15.0,15.0,15.0,15.0,15.0,15.0,19.0,19
278,mandelic acid,,,,,,,,,1.0,1.0,1.0,1.0,1.0,1.0,1.0,1.0,1.0,1.0,1.0,1.0,1.0,1.0,1.0,1.0,1.0,1.0,1.0,1.0,1.0,1.0,1.0,1.0,1.0,1.0,1.0,1.0,1.0,1.0,1.0,1.0,1.0,1.0,1.0,1
279,oxyfedrine,,,,,,,,,8.0,8.0,8.0,8.0,8.0,8.0,8.0,8.0,8.0,8.0,8.0,8.0,8.0,8.0,8.0,8.0,8.0,8.0,8.0,8.0,8.0,8.0,8.0,8.0,8.0,8.0,8.0,8.0,8.0,8.0,8.0,8.0,8.0,8.0,8.0,8
280,proglumide,,,,,,,,,27.0,27.0,27.0,27.0,27.0,27.0,27.0,27.0,27.0,27.0,27.0,27.0,27.0,27.0,27.0,27.0,27.0,27.0,27.0,27.0,27.0,27.0,27.0,27.0,27.0,27.0,27.0,27.0,27.0,27.0,27.0,27.0,27.0,27.0,27.0,27
281,lanatoside c,,,,,,,,,12.0,12.0,12.0,12.0,14.0,14.0,14.0,15.0,17.0,20.0,21.0,25.0,25.0,25.0,25.0,25.0,25.0,29.0,29.0,32.0,40.0,45.0,45.0,45.0,45.0,45.0,45.0,45.0,45.0,45.0,45.0,45.0,45.0,45.0,45.0,45
282,ethenzamide,,,,,,,,,4.0,4.0,4.0,4.0,4.0,4.0,4.0,4.0,4.0,4.0,4.0,4.0,4.0,4.0,6.0,6.0,20.0,20.0,20.0,20.0,20.0,20.0,30.0,30.0,30.0,30.0,30.0,31.0,31.0,31.0,31.0,33.0,35.0,36.0,40.0,44
283,dihydroxyaluminum aminoacetate,,,,,,,,,5.0,5.0,5.0,5.0,6.0,6.0,6.0,6.0,6.0,6.0,6.0,6.0,6.0,6.0,6.0,6.0,6.0,6.0,6.0,6.0,6.0,6.0,9.0,9.0,9.0,9.0,9.0,9.0,9.0,9.0,9.0,9.0,9.0,9.0,9.0,9
284,sulbenicillin,,,,,,,,,20.0,20.0,20.0,20.0,20.0,20.0,20.0,20.0,20.0,20.0,20.0,20.0,20.0,20.0,20.0,20.0,20.0,41.0,41.0,41.0,41.0,41.0,41.0,41.0,41.0,41.0,42.0,44.0,44.0,44.0,44.0,44.0,44.0,44.0,45.0,45
285,dehydroemetine,,,,,,,,,15.0,15.0,18.0,18.0,18.0,23.0,23.0,23.0,23.0,23.0,23.0,23.0,23.0,23.0,23.0,23.0,23.0,23.0,23.0,23.0,23.0,23.0,23.0,23.0,23.0,23.0,23.0,23.0,23.0,23.0,23.0,23.0,23.0,23.0,23.0,23
286,amlexanox,,,,,,,,,,9.0,9.0,9.0,9.0,9.0,9.0,9.0,10.0,18.0,18.0,18.0,18.0,18.0,18.0,27.0,27.0,27.0,27.0,27.0,27.0,27.0,35.0,47.0,47.0,47.0,47.0,47.0,47.0,47.0,47.0,47.0,61.0,65.0,81.0,81
287,sulfinpyrazone,,,,,,,,,,6.0,6.0,6.0,6.0,6.0,6.0,6.0,6.0,6.0,9.0,9.0,42.0,50.0,50.0,74.0,76.0,76.0,76.0,81.0,81.0,88.0,88.0,88.0,88.0,88.0,88.0,88.0,88.0,89.0,104.0,104.0,104.0,104.0,104.0,104
288,halofantrine,,,,,,,,,,8.0,8.0,8.0,28.0,28.0,28.0,28.0,28.0,28.0,108.0,108.0,108.0,108.0,108.0,108.0,108.0,108.0,108.0,108.0,108.0,108.0,108.0,108.0,108.0,108.0,108.0,108.0,108.0,108.0,108.0,108.0,108.0,108.0,108.0,108
289,levomethadyl,,,,,,,,,,6.0,6.0,6.0,6.0,6.0,6.0,6.0,6.0,6.0,6.0,6.0,6.0,6.0,6.0,6.0,6.0,6.0,6.0,6.0,6.0,6.0,6.0,6.0,6.0,6.0,6.0,6.0,6.0,6.0,6.0,6.0,10.0,10.0,10.0,10
290,"n,n-dimethylglycine",,,,,,,,,,23.0,23.0,23.0,23.0,23.0,23.0,23.0,23.0,23.0,23.0,23.0,23.0,23.0,23.0,23.0,23.0,23.0,23.0,23.0,23.0,23.0,23.0,23.0,23.0,23.0,23.0,23.0,23.0,23.0,23.0,23.0,23.0,23.0,23.0,23
291,tyramine,,,,,,,,,,4.0,4.0,6.0,6.0,6.0,6.0,6.0,6.0,6.0,6.0,6.0,6.0,6.0,6.0,6.0,6.0,6.0,6.0,26.0,31.0,34.0,34.0,34.0,34.0,34.0,34.0,34.0,46.0,46.0,54.0,54.0,54.0,54.0,54.0,60
292,etidocaine,,,,,,,,,,11.0,11.0,11.0,11.0,11.0,11.0,11.0,11.0,11.0,11.0,11.0,11.0,11.0,11.0,11.0,11.0,11.0,11.0,11.0,11.0,11.0,11.0,11.0,11.0,11.0,11.0,11.0,11.0,11.0,11.0,11.0,11.0,11.0,11.0,11
293,chromic chloride,,,,,,,,,,14.0,14.0,14.0,14.0,14.0,14.0,14.0,14.0,14.0,14.0,35.0,35.0,35.0,35.0,35.0,35.0,35.0,35.0,35.0,35.0,35.0,35.0,35.0,35.0,35.0,35.0,35.0,35.0,35.0,35.0,35.0,35.0,35.0,35.0,35
294,potassium hydroxide,,,,,,,,,,4.0,4.0,4.0,4.0,4.0,4.0,4.0,4.0,4.0,4.0,4.0,4.0,4.0,4.0,9.0,9.0,9.0,15.0,15.0,15.0,15.0,15.0,15.0,15.0,15.0,15.0,15.0,15.0,15.0,15.0,15.0,15.0,18.0,18.0,19
295,prednylidene,,,,,,,,,,10.0,10.0,10.0,10.0,10.0,10.0,10.0,10.0,11.0,11.0,11.0,11.0,11.0,11.0,11.0,11.0,11.0,11.0,11.0,11.0,11.0,11.0,11.0,11.0,11.0,11.0,11.0,11.0,11.0,11.0,11.0,11.0,11.0,11.0,11
296,oxolamine,,,,,,,,,,22.0,22.0,22.0,22.0,22.0,23.0,23.0,23.0,23.0,26.0,26.0,26.0,34.0,34.0,34.0,34.0,39.0,39.0,39.0,39.0,39.0,39.0,39.0,41.0,41.0,41.0,45.0,45.0,45.0,45.0,45.0,45.0,45.0,45.0,46
297,oxaceprol,,,,,,,,,,2.0,2.0,2.0,2.0,2.0,2.0,2.0,2.0,2.0,2.0,2.0,2.0,2.0,2.0,2.0,2.0,2.0,2.0,2.0,2.0,2.0,2.0,2.0,2.0,2.0,2.0,2.0,2.0,2.0,2.0,2.0,2.0,2.0,2.0,2
298,bamipine,,,,,,,,,,4.0,4.0,4.0,4.0,4.0,4.0,4.0,4.0,4.0,4.0,4.0,4.0,4.0,4.0,4.0,4.0,4.0,4.0,4.0,4.0,4.0,4.0,4.0,4.0,4.0,4.0,4.0,4.0,4.0,4.0,4.0,4.0,4.0,4.0,4
299,succimer,,,,,,,,,,,7.0,7.0,7.0,24.0,24.0,24.0,24.0,24.0,24.0,24.0,25.0,26.0,56.0,76.0,77.0,77.0,77.0,77.0,77.0,82.0,82.0,82.0,82.0,173.0,173.0,187.0,187.0,195.0,197.0,197.0,197.0,197.0,197.0,202
300,diphenylpyraline,,,,,,,,,,,1.0,1.0,2.0,2.0,2.0,2.0,2.0,2.0,2.0,2.0,9.0,19.0,19.0,19.0,19.0,24.0,24.0,24.0,24.0,24.0,24.0,31.0,31.0,31.0,31.0,31.0,31.0,31.0,31.0,31.0,31.0,31.0,31.0,31
301,practolol,,,,,,,,,,,9.0,9.0,9.0,9.0,9.0,9.0,9.0,9.0,9.0,10.0,10.0,10.0,10.0,10.0,10.0,10.0,10.0,10.0,10.0,10.0,23.0,23.0,23.0,23.0,23.0,23.0,23.0,23.0,23.0,23.0,23.0,23.0,23.0,23
302,flufenamic acid,,,,,,,,,,,1.0,4.0,4.0,8.0,8.0,8.0,8.0,8.0,8.0,8.0,8.0,15.0,22.0,22.0,22.0,22.0,28.0,34.0,34.0,34.0,37.0,37.0,37.0,37.0,37.0,59.0,59.0,59.0,59.0,62.0,62.0,74.0,74.0,76
303,gallium 67 citrate,,,,,,,,,,,1.0,1.0,1.0,14.0,14.0,15.0,15.0,15.0,15.0,15.0,16.0,16.0,16.0,16.0,18.0,18.0,18.0,18.0,18.0,18.0,18.0,18.0,18.0,18.0,18.0,18.0,18.0,21.0,21.0,21.0,22.0,22.0,22.0,27
304,chlorobutanol,,,,,,,,,,,8.0,8.0,8.0,8.0,8.0,16.0,16.0,16.0,16.0,16.0,16.0,16.0,16.0,16.0,16.0,16.0,16.0,16.0,16.0,16.0,16.0,16.0,16.0,16.0,16.0,16.0,16.0,16.0,16.0,16.0,16.0,17.0,17.0,18
305,clorsulon,,,,,,,,,,,8.0,8.0,8.0,8.0,8.0,10.0,12.0,12.0,12.0,12.0,12.0,12.0,12.0,12.0,12.0,18.0,18.0,18.0,18.0,18.0,18.0,18.0,18.0,18.0,18.0,18.0,18.0,18.0,18.0,18.0,18.0,18.0,18.0,18
306,guaiazulene,,,,,,,,,,,4.0,4.0,4.0,4.0,4.0,4.0,4.0,4.0,4.0,4.0,4.0,4.0,4.0,4.0,6.0,6.0,6.0,6.0,6.0,6.0,41.0,41.0,41.0,41.0,41.0,47.0,55.0,55.0,55.0,55.0,55.0,57.0,57.0,57
307,potassium carbonate,,,,,,,,,,,4.0,4.0,4.0,4.0,4.0,4.0,5.0,5.0,6.0,8.0,9.0,10.0,10.0,31.0,31.0,31.0,31.0,101.0,101.0,101.0,101.0,105.0,115.0,115.0,115.0,126.0,126.0,126.0,126.0,126.0,126.0,126.0,126.0,126
308,trimethylphloroglucinol,,,,,,,,,,,4.0,7.0,29.0,29.0,29.0,29.0,29.0,29.0,29.0,29.0,29.0,29.0,29.0,29.0,29.0,29.0,29.0,29.0,29.0,29.0,29.0,29.0,29.0,29.0,35.0,35.0,37.0,38.0,38.0,38.0,38.0,48.0,52.0,52
309,remoxipride,,,,,,,,,,,,1.0,1.0,1.0,1.0,1.0,1.0,1.0,1.0,1.0,1.0,2.0,2.0,9.0,9.0,9.0,9.0,9.0,9.0,9.0,9.0,9.0,9.0,9.0,9.0,9.0,9.0,9.0,9.0,9.0,9.0,9.0,15.0,15
310,spirapril,,,,,,,,,,,,27.0,31.0,31.0,58.0,58.0,58.0,58.0,58.0,58.0,58.0,58.0,58.0,58.0,58.0,58.0,58.0,58.0,61.0,63.0,65.0,65.0,65.0,66.0,66.0,66.0,66.0,66.0,70.0,70.0,71.0,71.0,71.0,71
311,dihydroxyacetone,,,,,,,,,,,,2.0,2.0,2.0,2.0,8.0,8.0,8.0,8.0,8.0,8.0,8.0,8.0,8.0,8.0,8.0,8.0,8.0,8.0,8.0,8.0,8.0,12.0,12.0,12.0,12.0,17.0,19.0,19.0,34.0,34.0,42.0,45.0,45
312,technetium tc 99m sulfur colloid,,,,,,,,,,,,3.0,3.0,3.0,3.0,3.0,3.0,3.0,3.0,3.0,3.0,7.0,9.0,20.0,20.0,20.0,20.0,20.0,20.0,20.0,20.0,20.0,20.0,20.0,20.0,20.0,20.0,20.0,20.0,20.0,21.0,21.0,25.0,25
313,manganese gluconate,,,,,,,,,,,,2.0,2.0,2.0,2.0,2.0,2.0,2.0,2.0,2.0,2.0,10.0,10.0,10.0,10.0,10.0,10.0,10.0,10.0,10.0,10.0,10.0,10.0,10.0,10.0,10.0,10.0,10.0,10.0,10.0,10.0,10.0,10.0,10
314,glycol salicylate,,,,,,,,,,,,2.0,2.0,6.0,6.0,6.0,6.0,7.0,7.0,7.0,7.0,7.0,7.0,7.0,7.0,7.0,11.0,11.0,11.0,11.0,11.0,11.0,14.0,14.0,14.0,38.0,38.0,38.0,38.0,38.0,38.0,38.0,38.0,38
315,oleandomycin,,,,,,,,,,,,6.0,6.0,6.0,6.0,6.0,6.0,6.0,6.0,6.0,6.0,6.0,6.0,6.0,6.0,6.0,6.0,6.0,6.0,6.0,6.0,6.0,6.0,6.0,6.0,7.0,7.0,7.0,7.0,7.0,7.0,7.0,7.0,7
316,cafedrine,,,,,,,,,,,,2.0,2.0,7.0,7.0,7.0,7.0,7.0,7.0,7.0,11.0,11.0,11.0,11.0,11.0,11.0,11.0,11.0,11.0,22.0,22.0,22.0,22.0,22.0,22.0,22.0,22.0,22.0,22.0,22.0,22.0,22.0,22.0,22
317,merbromin,,,,,,,,,,,,13.0,13.0,19.0,19.0,19.0,19.0,19.0,19.0,19.0,19.0,19.0,19.0,20.0,20.0,20.0,20.0,20.0,20.0,20.0,20.0,20.0,20.0,20.0,20.0,20.0,20.0,20.0,20.0,20.0,20.0,20.0,20.0,20
318,prolintane,,,,,,,,,,,,1.0,1.0,1.0,1.0,13.0,13.0,13.0,13.0,13.0,13.0,13.0,13.0,13.0,13.0,13.0,13.0,13.0,13.0,13.0,13.0,13.0,13.0,13.0,13.0,13.0,13.0,13.0,13.0,13.0,13.0,13.0,13.0,13
319,propyphenazone,,,,,,,,,,,,6.0,6.0,6.0,6.0,6.0,6.0,6.0,9.0,9.0,16.0,20.0,20.0,20.0,25.0,26.0,26.0,26.0,26.0,44.0,44.0,44.0,50.0,51.0,51.0,60.0,70.0,73.0,80.0,80.0,80.0,80.0,80.0,80
320,oxolinic acid,,,,,,,,,,,,2.0,2.0,3.0,3.0,3.0,3.0,3.0,3.0,3.0,3.0,3.0,3.0,3.0,3.0,3.0,3.0,3.0,3.0,3.0,3.0,3.0,3.0,3.0,3.0,3.0,3.0,3.0,3.0,3.0,3.0,3.0,3.0,3
321,asiaticoside,,,,,,,,,,,,5.0,5.0,5.0,5.0,5.0,5.0,5.0,5.0,5.0,5.0,5.0,5.0,5.0,5.0,5.0,5.0,5.0,5.0,5.0,5.0,5.0,5.0,5.0,5.0,5.0,5.0,5.0,5.0,5.0,5.0,5.0,5.0,5
322,calcium sulfate,,,,,,,,,,,,9.0,9.0,9.0,9.0,9.0,9.0,9.0,9.0,9.0,9.0,9.0,9.0,9.0,9.0,9.0,9.0,9.0,9.0,9.0,9.0,9.0,9.0,9.0,9.0,9.0,20.0,20.0,20.0,20.0,20.0,20.0,20.0,20
323,carbaryl,,,,,,,,,,,,5.0,5.0,5.0,5.0,5.0,5.0,5.0,12.0,12.0,12.0,12.0,12.0,12.0,12.0,12.0,12.0,12.0,12.0,12.0,12.0,12.0,12.0,12.0,12.0,12.0,12.0,12.0,12.0,12.0,12.0,12.0,12.0,12
324,propionic acid,,,,,,,,,,,,,3.0,6.0,6.0,6.0,6.0,6.0,6.0,6.0,6.0,6.0,6.0,6.0,6.0,7.0,7.0,7.0,7.0,7.0,7.0,7.0,7.0,7.0,7.0,7.0,7.0,7.0,7.0,7.0,7.0,7.0,7.0,7
325,fluprednisolone,,,,,,,,,,,,,5.0,5.0,11.0,11.0,11.0,11.0,11.0,11.0,11.0,11.0,11.0,11.0,11.0,11.0,11.0,11.0,11.0,11.0,11.0,11.0,11.0,11.0,11.0,11.0,11.0,11.0,11.0,11.0,11.0,11.0,11.0,11
326,guaiacol,,,,,,,,,,,,,2.0,2.0,2.0,2.0,2.0,2.0,2.0,2.0,2.0,2.0,2.0,2.0,2.0,2.0,2.0,2.0,2.0,2.0,2.0,2.0,2.0,102.0,102.0,102.0,102.0,102.0,102.0,102.0,107.0,107.0,107.0,107
327,nifurtimox,,,,,,,,,,,,,19.0,19.0,21.0,24.0,27.0,27.0,27.0,27.0,27.0,41.0,63.0,67.0,74.0,74.0,74.0,89.0,91.0,91.0,93.0,93.0,93.0,93.0,93.0,93.0,93.0,93.0,93.0,93.0,93.0,93.0,93.0,93
328,magnesium phosphate,,,,,,,,,,,,,5.0,7.0,7.0,8.0,8.0,8.0,8.0,8.0,8.0,8.0,9.0,9.0,9.0,9.0,9.0,9.0,9.0,9.0,9.0,21.0,32.0,33.0,33.0,33.0,41.0,60.0,60.0,60.0,65.0,66.0,71.0,75
329,phenindione,,,,,,,,,,,,,,2.0,2.0,2.0,2.0,2.0,2.0,2.0,2.0,2.0,20.0,20.0,20.0,20.0,20.0,22.0,22.0,22.0,22.0,25.0,25.0,27.0,27.0,27.0,30.0,30.0,30.0,30.0,30.0,30.0,108.0,108
330,acetohydroxamic acid,,,,,,,,,,,,,,3.0,5.0,5.0,5.0,5.0,5.0,5.0,5.0,5.0,5.0,5.0,5.0,5.0,5.0,5.0,5.0,5.0,5.0,5.0,5.0,5.0,5.0,5.0,5.0,5.0,5.0,5.0,9.0,9.0,9.0,9
331,hydroflumethiazide,,,,,,,,,,,,,,3.0,3.0,3.0,4.0,4.0,4.0,4.0,12.0,12.0,12.0,12.0,12.0,12.0,12.0,16.0,18.0,18.0,18.0,18.0,18.0,48.0,48.0,48.0,48.0,48.0,48.0,48.0,48.0,48.0,48.0,48
332,benzophenone,,,,,,,,,,,,,,5.0,5.0,5.0,5.0,5.0,5.0,5.0,5.0,5.0,5.0,5.0,5.0,5.0,5.0,5.0,5.0,5.0,9.0,9.0,9.0,9.0,9.0,18.0,18.0,18.0,18.0,30.0,32.0,41.0,44.0,44
333,quinfamide,,,,,,,,,,,,,,7.0,7.0,7.0,7.0,7.0,7.0,7.0,7.0,7.0,7.0,7.0,7.0,7.0,7.0,7.0,7.0,7.0,7.0,7.0,7.0,7.0,7.0,7.0,7.0,11.0,11.0,11.0,11.0,11.0,11.0,11
334,mitobronitol,,,,,,,,,,,,,,1.0,1.0,1.0,1.0,1.0,1.0,1.0,1.0,1.0,1.0,1.0,1.0,1.0,1.0,1.0,1.0,1.0,1.0,1.0,1.0,1.0,1.0,1.0,1.0,1.0,1.0,1.0,1.0,1.0,1.0,1
335,mesterolone,,,,,,,,,,,,,,5.0,30.0,30.0,30.0,30.0,40.0,42.0,42.0,42.0,42.0,42.0,42.0,42.0,42.0,42.0,62.0,62.0,62.0,62.0,62.0,62.0,62.0,62.0,62.0,62.0,62.0,62.0,62.0,62.0,63.0,63
336,threonine,,,,,,,,,,,,,,,3.0,3.0,3.0,3.0,3.0,3.0,4.0,4.0,4.0,4.0,4.0,4.0,4.0,4.0,4.0,4.0,4.0,4.0,4.0,4.0,4.0,4.0,4.0,4.0,4.0,15.0,15.0,15.0,15.0,15
337,gadopentetate,,,,,,,,,,,,,,,3.0,3.0,3.0,4.0,4.0,13.0,13.0,14.0,14.0,14.0,14.0,14.0,14.0,14.0,14.0,14.0,14.0,19.0,19.0,19.0,19.0,19.0,19.0,19.0,19.0,20.0,29.0,29.0,29.0,29
338,betadex,,,,,,,,,,,,,,,4.0,4.0,4.0,4.0,4.0,4.0,4.0,4.0,4.0,4.0,4.0,4.0,4.0,4.0,4.0,4.0,4.0,4.0,4.0,4.0,4.0,4.0,4.0,4.0,4.0,4.0,4.0,4.0,4.0,4
339,potassium bitartrate,,,,,,,,,,,,,,,2.0,2.0,2.0,2.0,2.0,2.0,2.0,2.0,2.0,2.0,2.0,2.0,2.0,2.0,2.0,2.0,2.0,2.0,2.0,2.0,2.0,2.0,2.0,2.0,2.0,2.0,2.0,5.0,9.0,9
340,zinc citrate,,,,,,,,,,,,,,,6.0,11.0,11.0,11.0,11.0,11.0,11.0,11.0,11.0,11.0,14.0,14.0,14.0,14.0,14.0,14.0,14.0,14.0,14.0,14.0,14.0,14.0,18.0,18.0,18.0,18.0,20.0,20.0,20.0,20
341,danofloxacin,,,,,,,,,,,,,,,6.0,6.0,6.0,6.0,6.0,6.0,6.0,6.0,6.0,6.0,6.0,6.0,6.0,6.0,6.0,6.0,6.0,6.0,6.0,6.0,6.0,6.0,6.0,6.0,6.0,6.0,6.0,6.0,6.0,6
342,domiphen,,,,,,,,,,,,,,,1.0,1.0,1.0,1.0,1.0,1.0,1.0,1.0,1.0,1.0,1.0,1.0,2.0,2.0,2.0,2.0,2.0,18.0,18.0,18.0,18.0,27.0,27.0,53.0,53.0,53.0,53.0,53.0,54.0,55
343,antimony,,,,,,,,,,,,,,,10.0,10.0,10.0,10.0,10.0,10.0,10.0,10.0,10.0,10.0,10.0,13.0,13.0,13.0,13.0,13.0,13.0,13.0,13.0,13.0,13.0,13.0,13.0,13.0,13.0,13.0,13.0,13.0,13.0,13
344,norfenefrine,,,,,,,,,,,,,,,9.0,9.0,9.0,9.0,9.0,9.0,9.0,9.0,9.0,9.0,9.0,9.0,9.0,9.0,9.0,9.0,9.0,9.0,11.0,11.0,11.0,11.0,11.0,11.0,11.0,11.0,11.0,11.0,11.0,11
345,clebopride,,,,,,,,,,,,,,,7.0,8.0,10.0,10.0,10.0,10.0,10.0,10.0,10.0,10.0,10.0,10.0,10.0,11.0,13.0,13.0,13.0,13.0,13.0,13.0,13.0,13.0,13.0,13.0,13.0,13.0,15.0,15.0,21.0,27
346,loteprednol,,,,,,,,,,,,,,,5.0,5.0,5.0,5.0,5.0,5.0,5.0,5.0,5.0,5.0,5.0,5.0,5.0,9.0,9.0,9.0,21.0,21.0,43.0,51.0,51.0,51.0,51.0,51.0,51.0,53.0,53.0,58.0,58.0,59
347,sulfametrole,,,,,,,,,,,,,,,2.0,2.0,2.0,2.0,2.0,3.0,3.0,3.0,3.0,3.0,3.0,3.0,3.0,3.0,3.0,3.0,3.0,3.0,3.0,3.0,3.0,3.0,3.0,3.0,3.0,3.0,3.0,3.0,3.0,3
348,dextrothyroxine,,,,,,,,,,,,,,,,13.0,13.0,13.0,13.0,13.0,13.0,13.0,13.0,13.0,13.0,13.0,13.0,13.0,13.0,13.0,13.0,13.0,13.0,13.0,13.0,13.0,16.0,16.0,16.0,16.0,16.0,16.0,16.0,16
349,guanidine,,,,,,,,,,,,,,,,3.0,3.0,3.0,3.0,3.0,3.0,3.0,3.0,3.0,3.0,3.0,3.0,3.0,3.0,4.0,4.0,12.0,12.0,12.0,16.0,16.0,21.0,28.0,28.0,28.0,31.0,32.0,32.0,32
350,furazolidone,,,,,,,,,,,,,,,,5.0,5.0,5.0,5.0,5.0,5.0,5.0,5.0,11.0,11.0,11.0,37.0,37.0,37.0,37.0,37.0,44.0,44.0,49.0,49.0,49.0,49.0,49.0,53.0,53.0,61.0,124.0,125.0,130
351,butobarbital,,,,,,,,,,,,,,,,3.0,3.0,3.0,3.0,3.0,3.0,3.0,3.0,3.0,3.0,3.0,3.0,3.0,3.0,3.0,3.0,3.0,3.0,3.0,3.0,3.0,3.0,3.0,3.0,3.0,3.0,5.0,5.0,5
352,podophyllin,,,,,,,,,,,,,,,,1.0,8.0,8.0,8.0,8.0,8.0,8.0,8.0,8.0,15.0,15.0,15.0,15.0,15.0,15.0,15.0,15.0,15.0,15.0,15.0,15.0,30.0,30.0,30.0,33.0,33.0,33.0,33.0,33
353,benzylthiouracil,,,,,,,,,,,,,,,,8.0,8.0,8.0,8.0,8.0,8.0,8.0,9.0,14.0,14.0,14.0,15.0,15.0,15.0,15.0,15.0,15.0,15.0,15.0,15.0,15.0,15.0,15.0,15.0,15.0,15.0,24.0,24.0,24
354,talampicillin,,,,,,,,,,,,,,,,2.0,2.0,2.0,2.0,6.0,6.0,6.0,6.0,6.0,6.0,6.0,6.0,6.0,6.0,6.0,6.0,6.0,6.0,6.0,6.0,6.0,6.0,6.0,6.0,6.0,6.0,6.0,6.0,6
355,beta sitosterol,,,,,,,,,,,,,,,,2.0,2.0,2.0,2.0,2.0,2.0,2.0,2.0,8.0,8.0,8.0,8.0,8.0,8.0,8.0,8.0,8.0,8.0,8.0,8.0,8.0,8.0,8.0,8.0,8.0,8.0,8.0,8.0,8
356,valine,,,,,,,,,,,,,,,,,4.0,4.0,4.0,6.0,6.0,10.0,10.0,10.0,11.0,11.0,11.0,25.0,25.0,25.0,25.0,25.0,25.0,25.0,25.0,25.0,25.0,25.0,25.0,25.0,25.0,25.0,30.0,35
357,azlocillin,,,,,,,,,,,,,,,,,2.0,2.0,2.0,2.0,2.0,2.0,2.0,2.0,2.0,2.0,2.0,2.0,2.0,2.0,2.0,2.0,2.0,2.0,2.0,2.0,2.0,2.0,2.0,2.0,2.0,2.0,2.0,19
358,temafloxacin,,,,,,,,,,,,,,,,,1.0,1.0,1.0,1.0,1.0,1.0,1.0,1.0,1.0,1.0,1.0,1.0,1.0,1.0,1.0,15.0,18.0,18.0,18.0,18.0,18.0,18.0,18.0,18.0,18.0,18.0,18.0,18
359,gluconolactone,,,,,,,,,,,,,,,,,7.0,7.0,7.0,7.0,7.0,7.0,7.0,7.0,7.0,7.0,7.0,8.0,8.0,8.0,8.0,8.0,9.0,9.0,9.0,9.0,9.0,9.0,11.0,11.0,11.0,29.0,29.0,29
360,oxeladin,,,,,,,,,,,,,,,,,4.0,5.0,5.0,8.0,21.0,21.0,21.0,21.0,21.0,21.0,33.0,38.0,38.0,38.0,38.0,38.0,38.0,38.0,38.0,38.0,44.0,44.0,44.0,44.0,44.0,44.0,49.0,49
361,rapacuronium,,,,,,,,,,,,,,,,,1.0,5.0,5.0,5.0,5.0,5.0,5.0,5.0,5.0,5.0,5.0,5.0,5.0,5.0,5.0,5.0,5.0,5.0,5.0,5.0,5.0,5.0,5.0,5.0,5.0,5.0,5.0,5
362,terpin hydrate,,,,,,,,,,,,,,,,,5.0,5.0,5.0,5.0,5.0,5.0,5.0,5.0,5.0,6.0,6.0,6.0,6.0,6.0,6.0,6.0,6.0,6.0,6.0,9.0,9.0,10.0,10.0,10.0,10.0,10.0,10.0,10
363,pimethixene,,,,,,,,,,,,,,,,,1.0,1.0,1.0,1.0,1.0,1.0,1.0,1.0,1.0,1.0,1.0,1.0,1.0,1.0,1.0,1.0,1.0,1.0,1.0,1.0,1.0,1.0,1.0,1.0,1.0,1.0,1.0,1
364,sulfamerazine,,,,,,,,,,,,,,,,,,2.0,2.0,2.0,2.0,2.0,2.0,2.0,2.0,2.0,2.0,2.0,2.0,2.0,2.0,2.0,2.0,2.0,2.0,2.0,2.0,2.0,2.0,2.0,2.0,2.0,2.0,4
365,cyclopentamine,,,,,,,,,,,,,,,,,,4.0,4.0,4.0,4.0,4.0,4.0,4.0,4.0,4.0,4.0,4.0,4.0,4.0,4.0,4.0,4.0,4.0,4.0,4.0,4.0,4.0,4.0,4.0,4.0,4.0,4.0,4
366,potassium nitrate,,,,,,,,,,,,,,,,,,3.0,3.0,3.0,5.0,5.0,6.0,6.0,6.0,24.0,24.0,27.0,27.0,27.0,27.0,27.0,27.0,30.0,30.0,30.0,30.0,30.0,39.0,39.0,39.0,42.0,42.0,42
367,alcloxa,,,,,,,,,,,,,,,,,,2.0,2.0,2.0,2.0,2.0,2.0,2.0,2.0,2.0,2.0,2.0,2.0,2.0,2.0,2.0,2.0,2.0,2.0,2.0,2.0,2.0,2.0,2.0,2.0,2.0,2.0,2
368,tenonitrozole,,,,,,,,,,,,,,,,,,10.0,10.0,10.0,10.0,29.0,29.0,29.0,29.0,29.0,29.0,29.0,29.0,29.0,29.0,29.0,29.0,29.0,29.0,29.0,29.0,29.0,29.0,29.0,29.0,29.0,29.0,29
369,meglumine antimoniate,,,,,,,,,,,,,,,,,,3.0,3.0,3.0,3.0,3.0,3.0,9.0,9.0,9.0,9.0,9.0,9.0,9.0,9.0,24.0,24.0,24.0,24.0,24.0,24.0,24.0,24.0,24.0,24.0,24.0,28.0,81
370,cromoglycate,,,,,,,,,,,,,,,,,,,2.0,2.0,10.0,10.0,10.0,10.0,13.0,13.0,13.0,13.0,13.0,13.0,13.0,13.0,13.0,13.0,13.0,13.0,13.0,22.0,22.0,22.0,22.0,22.0,22.0,22
371,ethylestrenol,,,,,,,,,,,,,,,,,,,3.0,3.0,3.0,3.0,3.0,5.0,5.0,5.0,5.0,5.0,5.0,5.0,5.0,5.0,5.0,5.0,5.0,5.0,5.0,5.0,5.0,5.0,5.0,5.0,5.0,5
372,uric acid,,,,,,,,,,,,,,,,,,,1.0,2.0,2.0,2.0,6.0,6.0,6.0,6.0,12.0,12.0,18.0,18.0,18.0,18.0,18.0,18.0,28.0,28.0,32.0,32.0,34.0,36.0,36.0,36.0,36.0,39
373,kebuzone,,,,,,,,,,,,,,,,,,,6.0,16.0,16.0,16.0,16.0,16.0,16.0,16.0,16.0,16.0,16.0,16.0,16.0,16.0,16.0,16.0,16.0,16.0,16.0,16.0,16.0,16.0,16.0,16.0,21.0,21
374,iopanoic acid,,,,,,,,,,,,,,,,,,,4.0,4.0,4.0,4.0,4.0,4.0,4.0,4.0,4.0,4.0,4.0,4.0,4.0,4.0,4.0,4.0,4.0,4.0,4.0,4.0,4.0,4.0,4.0,4.0,4.0,4
375,indigotindisulfonate,,,,,,,,,,,,,,,,,,,2.0,2.0,2.0,2.0,2.0,2.0,2.0,2.0,2.0,2.0,2.0,2.0,2.0,2.0,2.0,2.0,2.0,2.0,2.0,2.0,2.0,2.0,2.0,2.0,2.0,2
376,proscillaridin,,,,,,,,,,,,,,,,,,,9.0,9.0,9.0,9.0,9.0,9.0,9.0,9.0,9.0,9.0,9.0,9.0,9.0,9.0,9.0,9.0,9.0,9.0,9.0,9.0,9.0,9.0,9.0,9.0,9.0,9
377,carbutamide,,,,,,,,,,,,,,,,,,,2.0,2.0,2.0,2.0,2.0,4.0,4.0,4.0,4.0,4.0,4.0,4.0,4.0,4.0,4.0,4.0,4.0,5.0,5.0,5.0,5.0,5.0,5.0,5.0,5.0,5
378,racemethionine,,,,,,,,,,,,,,,,,,,5.0,5.0,5.0,5.0,5.0,6.0,6.0,6.0,6.0,6.0,6.0,6.0,6.0,6.0,6.0,6.0,6.0,6.0,6.0,10.0,10.0,10.0,10.0,10.0,10.0,10
379,gramicidin,,,,,,,,,,,,,,,,,,,,1.0,1.0,1.0,6.0,6.0,6.0,6.0,6.0,6.0,20.0,20.0,24.0,24.0,24.0,24.0,24.0,24.0,24.0,24.0,24.0,43.0,43.0,43.0,43.0,43
380,genistein,,,,,,,,,,,,,,,,,,,,8.0,8.0,8.0,8.0,8.0,8.0,8.0,8.0,10.0,10.0,10.0,13.0,13.0,16.0,16.0,21.0,24.0,24.0,25.0,31.0,35.0,37.0,37.0,37.0,37
381,diloxanide,,,,,,,,,,,,,,,,,,,,6.0,6.0,6.0,6.0,6.0,6.0,6.0,6.0,6.0,6.0,6.0,6.0,6.0,6.0,6.0,6.0,6.0,6.0,8.0,16.0,16.0,30.0,34.0,34.0,34
382,beclamide,,,,,,,,,,,,,,,,,,,,3.0,3.0,3.0,101.0,101.0,101.0,101.0,108.0,108.0,108.0,108.0,108.0,108.0,117.0,117.0,117.0,117.0,126.0,126.0,126.0,130.0,137.0,137.0,137.0,137
383,xenon-133,,,,,,,,,,,,,,,,,,,,1.0,1.0,1.0,1.0,1.0,1.0,1.0,1.0,1.0,1.0,1.0,1.0,1.0,1.0,1.0,1.0,1.0,1.0,1.0,1.0,1.0,1.0,1.0,1.0,1
384,diclazuril,,,,,,,,,,,,,,,,,,,,1.0,1.0,1.0,1.0,1.0,1.0,1.0,1.0,1.0,1.0,1.0,1.0,1.0,1.0,1.0,1.0,1.0,1.0,1.0,1.0,1.0,1.0,1.0,1.0,1
385,enrofloxacin,,,,,,,,,,,,,,,,,,,,2.0,2.0,2.0,2.0,2.0,2.0,2.0,2.0,2.0,2.0,2.0,2.0,2.0,2.0,2.0,2.0,2.0,2.0,2.0,2.0,2.0,2.0,2.0,2.0,2
386,maropitant,,,,,,,,,,,,,,,,,,,,13.0,13.0,13.0,13.0,13.0,13.0,13.0,13.0,13.0,13.0,13.0,13.0,13.0,13.0,13.0,13.0,13.0,13.0,13.0,13.0,13.0,13.0,13.0,13.0,13
387,vincamine,,,,,,,,,,,,,,,,,,,,1.0,1.0,1.0,8.0,8.0,8.0,9.0,9.0,9.0,9.0,9.0,9.0,9.0,9.0,13.0,13.0,13.0,13.0,13.0,13.0,13.0,14.0,14.0,14.0,14
388,antimony potassium tartrate,,,,,,,,,,,,,,,,,,,,1.0,1.0,1.0,1.0,1.0,1.0,1.0,1.0,1.0,1.0,1.0,1.0,1.0,1.0,1.0,1.0,1.0,1.0,1.0,1.0,1.0,2.0,2.0,2.0,2
389,felypressin,,,,,,,,,,,,,,,,,,,,,2.0,2.0,2.0,2.0,2.0,2.0,2.0,2.0,2.0,2.0,2.0,3.0,3.0,3.0,3.0,3.0,3.0,3.0,3.0,3.0,3.0,3.0,3.0,3
390,chlorotrianisene,,,,,,,,,,,,,,,,,,,,,6.0,6.0,6.0,6.0,6.0,6.0,6.0,6.0,6.0,6.0,22.0,22.0,25.0,25.0,25.0,25.0,28.0,29.0,29.0,29.0,29.0,29.0,29.0,29
391,metharbital,,,,,,,,,,,,,,,,,,,,,5.0,5.0,5.0,5.0,5.0,5.0,5.0,5.0,5.0,5.0,5.0,5.0,5.0,5.0,5.0,5.0,5.0,5.0,5.0,5.0,5.0,5.0,5.0,5
392,androstenedione,,,,,,,,,,,,,,,,,,,,,10.0,10.0,14.0,14.0,14.0,14.0,14.0,14.0,14.0,14.0,14.0,14.0,14.0,14.0,14.0,14.0,14.0,68.0,68.0,68.0,68.0,68.0,68.0,68
393,letosteine,,,,,,,,,,,,,,,,,,,,,5.0,5.0,5.0,5.0,5.0,5.0,5.0,5.0,5.0,5.0,5.0,5.0,5.0,5.0,5.0,5.0,5.0,5.0,5.0,5.0,5.0,5.0,5.0,5
394,avobenzone,,,,,,,,,,,,,,,,,,,,,1.0,1.0,1.0,1.0,1.0,1.0,1.0,1.0,1.0,1.0,1.0,1.0,1.0,1.0,1.0,1.0,1.0,1.0,1.0,2.0,8.0,8.0,8.0,8
395,thymopentin,,,,,,,,,,,,,,,,,,,,,5.0,23.0,23.0,23.0,23.0,23.0,23.0,23.0,23.0,23.0,23.0,23.0,23.0,23.0,24.0,24.0,24.0,27.0,29.0,29.0,29.0,32.0,32.0,42
396,epigallocatechin gallate,,,,,,,,,,,,,,,,,,,,,1.0,1.0,1.0,1.0,1.0,1.0,1.0,1.0,1.0,1.0,1.0,1.0,1.0,1.0,1.0,1.0,1.0,1.0,1.0,1.0,1.0,1.0,6.0,6
397,fenoverine,,,,,,,,,,,,,,,,,,,,,1.0,1.0,1.0,1.0,1.0,1.0,1.0,1.0,1.0,1.0,1.0,1.0,1.0,1.0,1.0,1.0,1.0,1.0,1.0,1.0,1.0,1.0,1.0,1
398,anileridine,,,,,,,,,,,,,,,,,,,,,,18.0,18.0,18.0,18.0,18.0,18.0,18.0,18.0,18.0,18.0,18.0,18.0,18.0,18.0,19.0,19.0,19.0,19.0,19.0,19.0,19.0,19.0,19
399,iodamide,,,,,,,,,,,,,,,,,,,,,,3.0,3.0,3.0,3.0,3.0,3.0,3.0,3.0,3.0,3.0,3.0,3.0,3.0,3.0,3.0,3.0,3.0,3.0,3.0,3.0,6.0,6.0,6
400,tocotrienols,,,,,,,,,,,,,,,,,,,,,,29.0,29.0,29.0,29.0,29.0,29.0,29.0,29.0,29.0,29.0,29.0,29.0,29.0,29.0,29.0,29.0,29.0,29.0,29.0,29.0,29.0,29.0,29
401,iodoform,,,,,,,,,,,,,,,,,,,,,,5.0,5.0,5.0,5.0,40.0,57.0,57.0,57.0,57.0,57.0,57.0,57.0,57.0,57.0,59.0,61.0,63.0,63.0,63.0,63.0,63.0,63.0,64
402,calcium silicate,,,,,,,,,,,,,,,,,,,,,,2.0,2.0,2.0,2.0,2.0,2.0,2.0,2.0,2.0,2.0,2.0,2.0,2.0,2.0,2.0,2.0,2.0,2.0,2.0,2.0,2.0,2.0,2
403,uracil mustard,,,,,,,,,,,,,,,,,,,,,,,9.0,9.0,9.0,9.0,9.0,9.0,9.0,9.0,9.0,9.0,11.0,21.0,21.0,21.0,21.0,21.0,21.0,21.0,21.0,21.0,21.0,21
404,tripelennamine,,,,,,,,,,,,,,,,,,,,,,,3.0,8.0,8.0,8.0,8.0,11.0,11.0,55.0,55.0,55.0,55.0,55.0,55.0,64.0,64.0,64.0,64.0,64.0,64.0,64.0,64.0,64
405,formic acid,,,,,,,,,,,,,,,,,,,,,,,3.0,3.0,3.0,3.0,3.0,3.0,3.0,3.0,3.0,3.0,3.0,3.0,3.0,3.0,3.0,20.0,20.0,20.0,20.0,20.0,20.0,20
406,orotic acid,,,,,,,,,,,,,,,,,,,,,,,2.0,2.0,2.0,2.0,2.0,2.0,2.0,2.0,2.0,2.0,2.0,2.0,2.0,2.0,30.0,30.0,30.0,30.0,30.0,83.0,83.0,83
407,indole,,,,,,,,,,,,,,,,,,,,,,,2.0,2.0,2.0,2.0,2.0,2.0,2.0,2.0,2.0,2.0,2.0,2.0,2.0,2.0,2.0,2.0,2.0,2.0,2.0,2.0,2.0,2
408,amylocaine,,,,,,,,,,,,,,,,,,,,,,,2.0,2.0,2.0,2.0,2.0,2.0,2.0,2.0,2.0,2.0,2.0,2.0,2.0,2.0,2.0,2.0,2.0,2.0,2.0,2.0,2.0,2
409,piperonyl butoxide,,,,,,,,,,,,,,,,,,,,,,,11.0,11.0,11.0,11.0,11.0,11.0,11.0,14.0,14.0,14.0,14.0,14.0,14.0,14.0,14.0,14.0,14.0,14.0,14.0,14.0,14.0,14
410,butamben,,,,,,,,,,,,,,,,,,,,,,,2.0,2.0,2.0,2.0,2.0,2.0,2.0,2.0,2.0,2.0,2.0,2.0,2.0,2.0,2.0,2.0,2.0,2.0,2.0,9.0,9.0,9
411,titanium,,,,,,,,,,,,,,,,,,,,,,,2.0,2.0,2.0,2.0,2.0,2.0,2.0,2.0,2.0,2.0,2.0,2.0,2.0,2.0,2.0,7.0,7.0,7.0,7.0,8.0,8.0,8
412,nitric acid,,,,,,,,,,,,,,,,,,,,,,,3.0,3.0,3.0,3.0,3.0,3.0,3.0,3.0,3.0,3.0,3.0,3.0,3.0,3.0,4.0,4.0,6.0,6.0,7.0,7.0,7.0,7
413,alitretinoin,,,,,,,,,,,,,,,,,,,,,,,,5.0,5.0,11.0,11.0,12.0,16.0,16.0,16.0,20.0,29.0,29.0,29.0,29.0,29.0,29.0,29.0,36.0,43.0,43.0,44.0,52
414,phensuximide,,,,,,,,,,,,,,,,,,,,,,,,5.0,5.0,5.0,5.0,5.0,5.0,5.0,5.0,5.0,5.0,17.0,17.0,17.0,17.0,17.0,17.0,25.0,25.0,25.0,25.0,25
415,thymine,,,,,,,,,,,,,,,,,,,,,,,,5.0,5.0,5.0,5.0,5.0,5.0,14.0,20.0,20.0,20.0,20.0,20.0,20.0,20.0,20.0,20.0,23.0,23.0,36.0,36.0,36
416,iodipamide,,,,,,,,,,,,,,,,,,,,,,,,2.0,2.0,2.0,2.0,2.0,2.0,2.0,2.0,2.0,2.0,2.0,2.0,2.0,2.0,2.0,2.0,2.0,2.0,2.0,2.0,2
417,1-octacosanol,,,,,,,,,,,,,,,,,,,,,,,,2.0,2.0,2.0,2.0,2.0,2.0,2.0,2.0,2.0,2.0,2.0,2.0,2.0,2.0,2.0,2.0,2.0,2.0,2.0,2.0,2
418,tricaprylin,,,,,,,,,,,,,,,,,,,,,,,,9.0,9.0,9.0,9.0,19.0,19.0,19.0,19.0,19.0,19.0,19.0,27.0,35.0,46.0,50.0,70.0,70.0,76.0,91.0,114.0,122
419,pipenzolate,,,,,,,,,,,,,,,,,,,,,,,,6.0,6.0,6.0,6.0,6.0,6.0,6.0,6.0,6.0,6.0,6.0,6.0,6.0,6.0,6.0,6.0,6.0,6.0,6.0,6.0,6
420,meclofenamic acid,,,,,,,,,,,,,,,,,,,,,,,,,1.0,1.0,1.0,1.0,1.0,1.0,1.0,1.0,1.0,1.0,1.0,1.0,1.0,1.0,1.0,2.0,2.0,2.0,2.0,2
421,hexobarbital,,,,,,,,,,,,,,,,,,,,,,,,,3.0,12.0,12.0,12.0,12.0,12.0,12.0,12.0,12.0,12.0,12.0,12.0,13.0,13.0,13.0,13.0,13.0,13.0,13.0,13
422,debrisoquin,,,,,,,,,,,,,,,,,,,,,,,,,4.0,4.0,4.0,4.0,4.0,4.0,4.0,4.0,4.0,4.0,4.0,4.0,4.0,4.0,4.0,4.0,4.0,4.0,4.0,10
423,sulfathiazole,,,,,,,,,,,,,,,,,,,,,,,,,1.0,1.0,1.0,1.0,1.0,1.0,1.0,1.0,1.0,1.0,1.0,1.0,1.0,1.0,1.0,1.0,4.0,4.0,4.0,4
424,fospropofol,,,,,,,,,,,,,,,,,,,,,,,,,3.0,3.0,5.0,10.0,10.0,10.0,10.0,10.0,10.0,10.0,10.0,10.0,10.0,10.0,10.0,10.0,10.0,10.0,10.0,10
425,levopropoxyphene,,,,,,,,,,,,,,,,,,,,,,,,,5.0,5.0,9.0,9.0,9.0,9.0,9.0,9.0,9.0,9.0,9.0,9.0,9.0,9.0,9.0,9.0,9.0,9.0,9.0,9
426,selenious acid,,,,,,,,,,,,,,,,,,,,,,,,,24.0,24.0,24.0,24.0,24.0,24.0,24.0,24.0,27.0,27.0,27.0,27.0,27.0,27.0,27.0,27.0,27.0,27.0,27.0,28
427,phenylmercuric nitrate,,,,,,,,,,,,,,,,,,,,,,,,,13.0,13.0,13.0,13.0,13.0,13.0,13.0,13.0,13.0,13.0,13.0,13.0,13.0,13.0,13.0,13.0,13.0,13.0,13.0,13
428,cefodizime,,,,,,,,,,,,,,,,,,,,,,,,,1.0,1.0,1.0,1.0,1.0,1.0,1.0,1.0,13.0,13.0,13.0,21.0,21.0,24.0,24.0,24.0,24.0,24.0,24.0,26
429,halometasone,,,,,,,,,,,,,,,,,,,,,,,,,5.0,5.0,5.0,5.0,5.0,5.0,5.0,5.0,5.0,5.0,5.0,5.0,5.0,5.0,5.0,5.0,6.0,6.0,8.0,8
430,strychnine,,,,,,,,,,,,,,,,,,,,,,,,,34.0,34.0,34.0,34.0,34.0,34.0,34.0,34.0,34.0,34.0,34.0,34.0,34.0,34.0,34.0,34.0,34.0,34.0,34.0,34
431,mephentermine,,,,,,,,,,,,,,,,,,,,,,,,,,6.0,6.0,6.0,6.0,6.0,6.0,6.0,6.0,6.0,6.0,6.0,6.0,6.0,6.0,6.0,6.0,6.0,6.0,6
432,octopamine,,,,,,,,,,,,,,,,,,,,,,,,,,15.0,15.0,15.0,15.0,15.0,15.0,15.0,15.0,15.0,15.0,15.0,15.0,15.0,15.0,15.0,15.0,15.0,15.0,15
433,cyclothiazide,,,,,,,,,,,,,,,,,,,,,,,,,,,11.0,11.0,11.0,11.0,11.0,11.0,11.0,11.0,11.0,11.0,11.0,11.0,11.0,11.0,11.0,11.0,11.0,11
434,phenmetrazine,,,,,,,,,,,,,,,,,,,,,,,,,,,3.0,3.0,3.0,3.0,3.0,3.0,3.0,6.0,6.0,6.0,6.0,6.0,6.0,6.0,6.0,6.0,8.0,8
435,doxacurium,,,,,,,,,,,,,,,,,,,,,,,,,,,1.0,6.0,6.0,6.0,6.0,6.0,9.0,15.0,15.0,15.0,15.0,15.0,15.0,15.0,15.0,15.0,15.0,15
436,alpha-ketoglutaric acid,,,,,,,,,,,,,,,,,,,,,,,,,,,3.0,3.0,3.0,3.0,3.0,3.0,3.0,3.0,3.0,3.0,3.0,3.0,3.0,3.0,3.0,3.0,3.0,3
437,squalane,,,,,,,,,,,,,,,,,,,,,,,,,,,1.0,1.0,1.0,1.0,1.0,1.0,1.0,1.0,1.0,1.0,1.0,1.0,1.0,1.0,1.0,1.0,1.0,1
438,ethylenediamine,,,,,,,,,,,,,,,,,,,,,,,,,,,4.0,4.0,4.0,4.0,4.0,4.0,5.0,5.0,7.0,7.0,7.0,7.0,7.0,7.0,10.0,10.0,10.0,10
439,mebrofenin,,,,,,,,,,,,,,,,,,,,,,,,,,,2.0,2.0,2.0,2.0,2.0,2.0,2.0,2.0,2.0,2.0,2.0,2.0,4.0,4.0,4.0,4.0,5.0,5
440,tiludronate,,,,,,,,,,,,,,,,,,,,,,,,,,,,3.0,3.0,3.0,3.0,3.0,3.0,3.0,3.0,3.0,3.0,3.0,3.0,9.0,9.0,9.0,9.0,9
441,oxybenzone,,,,,,,,,,,,,,,,,,,,,,,,,,,,6.0,6.0,6.0,6.0,6.0,6.0,6.0,9.0,9.0,10.0,10.0,10.0,10.0,10.0,10.0,10.0,10
442,phenindamine,,,,,,,,,,,,,,,,,,,,,,,,,,,,2.0,2.0,2.0,2.0,2.0,2.0,2.0,2.0,2.0,2.0,2.0,2.0,2.0,2.0,2.0,2.0,2
443,xanthine,,,,,,,,,,,,,,,,,,,,,,,,,,,,2.0,2.0,2.0,2.0,2.0,2.0,2.0,2.0,5.0,5.0,5.0,5.0,9.0,9.0,9.0,9.0,9
444,nialamide,,,,,,,,,,,,,,,,,,,,,,,,,,,,2.0,2.0,2.0,2.0,2.0,2.0,2.0,2.0,2.0,2.0,2.0,2.0,2.0,2.0,2.0,2.0,2
445,propentofylline,,,,,,,,,,,,,,,,,,,,,,,,,,,,5.0,5.0,5.0,5.0,5.0,5.0,5.0,5.0,5.0,5.0,5.0,5.0,5.0,5.0,5.0,5.0,5
446,ferric ammonium citrate,,,,,,,,,,,,,,,,,,,,,,,,,,,,1.0,1.0,1.0,1.0,1.0,4.0,5.0,5.0,5.0,5.0,6.0,6.0,6.0,8.0,28.0,28.0,28
447,polydatin,,,,,,,,,,,,,,,,,,,,,,,,,,,,2.0,2.0,2.0,2.0,2.0,2.0,2.0,2.0,2.0,2.0,2.0,2.0,2.0,2.0,2.0,2.0,2
448,tylosin,,,,,,,,,,,,,,,,,,,,,,,,,,,,11.0,11.0,11.0,15.0,15.0,15.0,15.0,15.0,15.0,15.0,15.0,15.0,15.0,15.0,15.0,15.0,15
449,moroxydine,,,,,,,,,,,,,,,,,,,,,,,,,,,,3.0,8.0,8.0,8.0,8.0,8.0,8.0,8.0,8.0,8.0,8.0,8.0,8.0,8.0,8.0,8.0,8
450,calcium glucarate,,,,,,,,,,,,,,,,,,,,,,,,,,,,2.0,2.0,2.0,2.0,2.0,2.0,2.0,2.0,2.0,2.0,2.0,2.0,2.0,2.0,2.0,2.0,2
451,fluorodeoxyglucose f18,,,,,,,,,,,,,,,,,,,,,,,,,,,,,10.0,10.0,10.0,10.0,10.0,10.0,10.0,10.0,10.0,10.0,10.0,10.0,10.0,10.0,10.0,10
452,hexylresorcinol,,,,,,,,,,,,,,,,,,,,,,,,,,,,,2.0,2.0,2.0,2.0,2.0,2.0,2.0,2.0,2.0,2.0,2.0,2.0,2.0,4.0,11.0,11
453,phenoperidine,,,,,,,,,,,,,,,,,,,,,,,,,,,,,2.0,2.0,2.0,2.0,2.0,2.0,2.0,2.0,2.0,2.0,2.0,2.0,2.0,2.0,2.0,2
454,methoxyphenamine,,,,,,,,,,,,,,,,,,,,,,,,,,,,,6.0,6.0,11.0,11.0,14.0,15.0,18.0,18.0,18.0,18.0,18.0,18.0,25.0,31.0,31.0,31
455,manganese citrate,,,,,,,,,,,,,,,,,,,,,,,,,,,,,3.0,3.0,3.0,3.0,3.0,3.0,3.0,3.0,3.0,3.0,3.0,3.0,3.0,3.0,3.0,3
456,masoprocol,,,,,,,,,,,,,,,,,,,,,,,,,,,,,,15.0,15.0,29.0,29.0,29.0,29.0,29.0,29.0,29.0,29.0,29.0,29.0,29.0,29.0,29
457,levomenthol,,,,,,,,,,,,,,,,,,,,,,,,,,,,,,1.0,1.0,2.0,2.0,2.0,2.0,2.0,28.0,28.0,34.0,46.0,46.0,46.0,46.0,51
458,decanoic acid,,,,,,,,,,,,,,,,,,,,,,,,,,,,,,1.0,1.0,2.0,2.0,2.0,2.0,3.0,7.0,7.0,7.0,9.0,9.0,9.0,9.0,9
459,prenylamine,,,,,,,,,,,,,,,,,,,,,,,,,,,,,,10.0,10.0,10.0,10.0,10.0,10.0,10.0,10.0,10.0,10.0,10.0,10.0,10.0,10.0,10
460,propylhexedrine,,,,,,,,,,,,,,,,,,,,,,,,,,,,,,10.0,10.0,10.0,10.0,10.0,10.0,16.0,16.0,16.0,24.0,24.0,24.0,24.0,27.0,27
461,octinoxate,,,,,,,,,,,,,,,,,,,,,,,,,,,,,,3.0,3.0,3.0,3.0,3.0,3.0,7.0,7.0,8.0,8.0,8.0,8.0,8.0,10.0,10
462,amitraz,,,,,,,,,,,,,,,,,,,,,,,,,,,,,,2.0,2.0,2.0,2.0,2.0,2.0,2.0,2.0,2.0,2.0,2.0,2.0,2.0,2.0,2
463,cantharidin,,,,,,,,,,,,,,,,,,,,,,,,,,,,,,1.0,1.0,1.0,1.0,1.0,1.0,1.0,7.0,7.0,7.0,7.0,7.0,7.0,7.0,7
464,rimiterol,,,,,,,,,,,,,,,,,,,,,,,,,,,,,,5.0,5.0,5.0,5.0,5.0,5.0,5.0,5.0,5.0,5.0,5.0,5.0,5.0,5.0,5
465,butalamine,,,,,,,,,,,,,,,,,,,,,,,,,,,,,,3.0,3.0,3.0,3.0,3.0,3.0,3.0,3.0,3.0,3.0,3.0,3.0,3.0,3.0,3
466,dimethoxanate,,,,,,,,,,,,,,,,,,,,,,,,,,,,,,12.0,12.0,12.0,12.0,12.0,12.0,12.0,12.0,12.0,12.0,12.0,12.0,12.0,12.0,12
467,2-mercaptoethanesulfonic acid,,,,,,,,,,,,,,,,,,,,,,,,,,,,,,,13.0,13.0,13.0,13.0,13.0,13.0,13.0,13.0,13.0,13.0,13.0,13.0,13.0,13
468,technetium tc 99m disofenin,,,,,,,,,,,,,,,,,,,,,,,,,,,,,,,16.0,16.0,16.0,16.0,16.0,16.0,16.0,16.0,16.0,16.0,16.0,16.0,16.0,16
469,mersalyl,,,,,,,,,,,,,,,,,,,,,,,,,,,,,,,13.0,13.0,13.0,13.0,13.0,13.0,13.0,13.0,13.0,13.0,13.0,13.0,13.0,13
470,thyrotropin-releasing hormone,,,,,,,,,,,,,,,,,,,,,,,,,,,,,,,4.0,4.0,4.0,4.0,4.0,4.0,4.0,4.0,4.0,4.0,4.0,4.0,4.0,4
471,resorcinol,,,,,,,,,,,,,,,,,,,,,,,,,,,,,,,10.0,10.0,10.0,10.0,10.0,10.0,10.0,10.0,10.0,10.0,10.0,10.0,10.0,34
472,dibunate,,,,,,,,,,,,,,,,,,,,,,,,,,,,,,,1.0,1.0,1.0,1.0,1.0,1.0,1.0,1.0,1.0,1.0,1.0,1.0,1.0,1
473,oxyphencyclimine,,,,,,,,,,,,,,,,,,,,,,,,,,,,,,,,1.0,1.0,1.0,1.0,1.0,1.0,3.0,3.0,3.0,3.0,3.0,3.0,3
474,haloprogin,,,,,,,,,,,,,,,,,,,,,,,,,,,,,,,,1.0,1.0,1.0,1.0,1.0,1.0,1.0,1.0,1.0,1.0,1.0,1.0,1
475,guanosine,,,,,,,,,,,,,,,,,,,,,,,,,,,,,,,,1.0,1.0,1.0,1.0,1.0,1.0,1.0,1.0,1.0,1.0,1.0,1.0,1
476,spinosad,,,,,,,,,,,,,,,,,,,,,,,,,,,,,,,,4.0,11.0,11.0,11.0,11.0,18.0,18.0,18.0,18.0,19.0,19.0,19.0,21
477,aminopterin,,,,,,,,,,,,,,,,,,,,,,,,,,,,,,,,15.0,15.0,15.0,15.0,15.0,15.0,15.0,15.0,15.0,15.0,15.0,15.0,15
478,galactose,,,,,,,,,,,,,,,,,,,,,,,,,,,,,,,,4.0,4.0,4.0,4.0,4.0,4.0,4.0,4.0,4.0,4.0,4.0,4.0,4
479,chlorquinaldol,,,,,,,,,,,,,,,,,,,,,,,,,,,,,,,,1.0,1.0,1.0,1.0,1.0,1.0,8.0,8.0,8.0,22.0,22.0,22.0,22
480,ferrous carbonate,,,,,,,,,,,,,,,,,,,,,,,,,,,,,,,,2.0,11.0,32.0,33.0,33.0,33.0,33.0,33.0,33.0,33.0,33.0,33.0,33
481,pentagastrin,,,,,,,,,,,,,,,,,,,,,,,,,,,,,,,,,12.0,12.0,12.0,12.0,12.0,12.0,12.0,12.0,12.0,12.0,12.0,12
482,methantheline,,,,,,,,,,,,,,,,,,,,,,,,,,,,,,,,,9.0,12.0,12.0,13.0,13.0,13.0,13.0,13.0,25.0,25.0,25.0,26
483,thymidine,,,,,,,,,,,,,,,,,,,,,,,,,,,,,,,,,2.0,2.0,2.0,2.0,2.0,2.0,2.0,2.0,2.0,2.0,6.0,6
484,dihydroergocornine,,,,,,,,,,,,,,,,,,,,,,,,,,,,,,,,,3.0,3.0,3.0,3.0,3.0,3.0,3.0,3.0,3.0,3.0,3.0,3
485,pidotimod,,,,,,,,,,,,,,,,,,,,,,,,,,,,,,,,,15.0,25.0,25.0,25.0,25.0,25.0,25.0,25.0,28.0,28.0,28.0,28
486,chlorphenoxamine,,,,,,,,,,,,,,,,,,,,,,,,,,,,,,,,,,8.0,8.0,8.0,8.0,8.0,8.0,8.0,8.0,8.0,8.0,8
487,calcium oxide,,,,,,,,,,,,,,,,,,,,,,,,,,,,,,,,,,3.0,3.0,3.0,3.0,3.0,13.0,13.0,17.0,17.0,17.0,18
488,aniline,,,,,,,,,,,,,,,,,,,,,,,,,,,,,,,,,,,17.0,17.0,17.0,17.0,17.0,17.0,17.0,17.0,17.0,17
489,niclosamide,,,,,,,,,,,,,,,,,,,,,,,,,,,,,,,,,,,4.0,4.0,4.0,4.0,4.0,4.0,4.0,4.0,4.0,4
490,flutrimazole,,,,,,,,,,,,,,,,,,,,,,,,,,,,,,,,,,,6.0,12.0,12.0,12.0,12.0,12.0,12.0,12.0,12.0,18
491,quinaprilat,,,,,,,,,,,,,,,,,,,,,,,,,,,,,,,,,,,6.0,6.0,6.0,6.0,6.0,6.0,6.0,6.0,6.0,6
492,nadh,,,,,,,,,,,,,,,,,,,,,,,,,,,,,,,,,,,,6.0,6.0,6.0,6.0,6.0,6.0,6.0,6.0,6
493,guanadrel,,,,,,,,,,,,,,,,,,,,,,,,,,,,,,,,,,,,2.0,2.0,2.0,2.0,2.0,2.0,2.0,2.0,2
494,cathine,,,,,,,,,,,,,,,,,,,,,,,,,,,,,,,,,,,,9.0,9.0,9.0,9.0,9.0,9.0,9.0,9.0,9
495,thioproperazine,,,,,,,,,,,,,,,,,,,,,,,,,,,,,,,,,,,,1.0,1.0,1.0,1.0,1.0,1.0,1.0,1.0,1
496,dodecyl sulfate,,,,,,,,,,,,,,,,,,,,,,,,,,,,,,,,,,,,1.0,1.0,1.0,1.0,1.0,9.0,9.0,9.0,9
497,bismuth oxide,,,,,,,,,,,,,,,,,,,,,,,,,,,,,,,,,,,,2.0,2.0,2.0,2.0,2.0,2.0,2.0,2.0,2
498,calcium fluoride,,,,,,,,,,,,,,,,,,,,,,,,,,,,,,,,,,,,6.0,6.0,6.0,6.0,6.0,6.0,10.0,10.0,10
499,dromostanolone,,,,,,,,,,,,,,,,,,,,,,,,,,,,,,,,,,,,,11.0,11.0,11.0,11.0,11.0,11.0,11.0,11
500,activated attapulgite,,,,,,,,,,,,,,,,,,,,,,,,,,,,,,,,,,,,,18.0,18.0,18.0,18.0,18.0,18.0,18.0,18
501,carbenoxolone,,,,,,,,,,,,,,,,,,,,,,,,,,,,,,,,,,,,,2.0,2.0,12.0,20.0,21.0,21.0,22.0,22
502,ibopamine,,,,,,,,,,,,,,,,,,,,,,,,,,,,,,,,,,,,,3.0,3.0,3.0,3.0,3.0,3.0,3.0,3
503,sodium tartrate,,,,,,,,,,,,,,,,,,,,,,,,,,,,,,,,,,,,,3.0,3.0,3.0,3.0,3.0,3.0,3.0,3
504,sodium metabisulfite,,,,,,,,,,,,,,,,,,,,,,,,,,,,,,,,,,,,,3.0,11.0,11.0,11.0,11.0,11.0,11.0,11
505,aprobarbital,,,,,,,,,,,,,,,,,,,,,,,,,,,,,,,,,,,,,,3.0,3.0,3.0,3.0,3.0,3.0,3
506,chlophedianol,,,,,,,,,,,,,,,,,,,,,,,,,,,,,,,,,,,,,,1.0,2.0,3.0,3.0,3.0,3.0,3
507,ethanolamine oleate,,,,,,,,,,,,,,,,,,,,,,,,,,,,,,,,,,,,,,6.0,11.0,15.0,15.0,15.0,15.0,15
508,sulfobromophthalein,,,,,,,,,,,,,,,,,,,,,,,,,,,,,,,,,,,,,,1.0,1.0,1.0,1.0,1.0,1.0,1
509,aloglutamol,,,,,,,,,,,,,,,,,,,,,,,,,,,,,,,,,,,,,,16.0,16.0,16.0,16.0,16.0,27.0,27
510,ceramide 2,,,,,,,,,,,,,,,,,,,,,,,,,,,,,,,,,,,,,,1.0,1.0,1.0,1.0,1.0,28.0,28
511,sodium nitrate,,,,,,,,,,,,,,,,,,,,,,,,,,,,,,,,,,,,,,3.0,12.0,12.0,12.0,12.0,12.0,12
512,flumethasone,,,,,,,,,,,,,,,,,,,,,,,,,,,,,,,,,,,,,,,12.0,12.0,12.0,16.0,16.0,16
513,alfaxalone,,,,,,,,,,,,,,,,,,,,,,,,,,,,,,,,,,,,,,,108.0,108.0,108.0,108.0,108.0,108
514,novobiocin,,,,,,,,,,,,,,,,,,,,,,,,,,,,,,,,,,,,,,,,111.0,111.0,111.0,111.0,111
515,isopropamide,,,,,,,,,,,,,,,,,,,,,,,,,,,,,,,,,,,,,,,,2.0,2.0,5.0,9.0,9
516,heptanoic acid,,,,,,,,,,,,,,,,,,,,,,,,,,,,,,,,,,,,,,,,3.0,3.0,3.0,3.0,3
517,sulfabenzamide,,,,,,,,,,,,,,,,,,,,,,,,,,,,,,,,,,,,,,,,1.0,1.0,1.0,1.0,1
518,romifidine,,,,,,,,,,,,,,,,,,,,,,,,,,,,,,,,,,,,,,,,14.0,14.0,14.0,14.0,14
519,detomidine,,,,,,,,,,,,,,,,,,,,,,,,,,,,,,,,,,,,,,,,14.0,14.0,14.0,14.0,14
520,hydroxyethyl cellulose,,,,,,,,,,,,,,,,,,,,,,,,,,,,,,,,,,,,,,,,5.0,5.0,5.0,9.0,9
521,dichlorobenzyl alcohol,,,,,,,,,,,,,,,,,,,,,,,,,,,,,,,,,,,,,,,,2.0,2.0,2.0,2.0,2
522,phloretin,,,,,,,,,,,,,,,,,,,,,,,,,,,,,,,,,,,,,,,,,4.0,4.0,4.0,4
523,catechin,,,,,,,,,,,,,,,,,,,,,,,,,,,,,,,,,,,,,,,,,4.0,4.0,4.0,4
524,aceglutamide,,,,,,,,,,,,,,,,,,,,,,,,,,,,,,,,,,,,,,,,,,3.0,4.0,4
525,copper chloride,,,,,,,,,,,,,,,,,,,,,,,,,,,,,,,,,,,,,,,,,,1.0,1.0,1
526,potassium lactate,,,,,,,,,,,,,,,,,,,,,,,,,,,,,,,,,,,,,,,,,,10.0,10.0,10
527,deracoxib,,,,,,,,,,,,,,,,,,,,,,,,,,,,,,,,,,,,,,,,,,4.0,4.0,7
528,temoporfin,,,,,,,,,,,,,,,,,,,,,,,,,,,,,,,,,,,,,,,,,,3.0,3.0,3
529,hydroxytyrosol,,,,,,,,,,,,,,,,,,,,,,,,,,,,,,,,,,,,,,,,,,1.0,1.0,1
530,dihexyverine,,,,,,,,,,,,,,,,,,,,,,,,,,,,,,,,,,,,,,,,,,5.0,5.0,5
531,plicamycin,,,,,,,,,,,,,,,,,,,,,,,,,,,,,,,,,,,,,,,,,,,2.0,2
532,netupitant,,,,,,,,,,,,,,,,,,,,,,,,,,,,,,,,,,,,,,,,,,,8.0,16
533,arbutin,,,,,,,,,,,,,,,,,,,,,,,,,,,,,,,,,,,,,,,,,,,10.0,15
534,fluoride ion,,,,,,,,,,,,,,,,,,,,,,,,,,,,,,,,,,,,,,,,,,,3.0,3
535,diacetyl benzoyl lathyrol,,,,,,,,,,,,,,,,,,,,,,,,,,,,,,,,,,,,,,,,,,,70.0,131
536,"3,3'-diindolylmethane",,,,,,,,,,,,,,,,,,,,,,,,,,,,,,,,,,,,,,,,,,,5.0,5
537,chlorogenic acid,,,,,,,,,,,,,,,,,,,,,,,,,,,,,,,,,,,,,,,,,,,6.0,6
538,sodium chlorite,,,,,,,,,,,,,,,,,,,,,,,,,,,,,,,,,,,,,,,,,,,42.0,42
539,proxyphylline,,,,,,,,,,,,,,,,,,,,,,,,,,,,,,,,,,,,,,,,,,,1.0,1
540,norgestrienone,,,,,,,,,,,,,,,,,,,,,,,,,,,,,,,,,,,,,,,,,,,15.0,15
541,methyprylon,,,,,,,,,,,,,,,,,,,,,,,,,,,,,,,,,,,,,,,,,,,,5
542,pyrithioxin,,,,,,,,,,,,,,,,,,,,,,,,,,,,,,,,,,,,,,,,,,,,2
543,nickel sulfate,,,,,,,,,,,,,,,,,,,,,,,,,,,,,,,,,,,,,,,,,,,,6
544,triacetin,,,,,,,,,,,,,,,,,,,,,,,,,,,,,,,,,,,,,,,,,,,,3
